Date,Open,High,Low,Close,Volume
9-Jul-12,15.78,15.84,15.70,15.75,10375997
6-Jul-12,15.80,15.91,15.68,15.78,12152459
5-Jul-12,15.90,15.99,15.81,15.85,11440727
3-Jul-12,15.83,15.99,15.82,15.98,8149095
2-Jul-12,15.80,15.94,15.76,15.84,7226555
29-Jun-12,15.61,15.83,15.53,15.83,13503678
28-Jun-12,15.41,15.48,15.29,15.45,12479185
27-Jun-12,15.41,15.63,15.38,15.52,11262245
26-Jun-12,15.40,16.35,15.19,15.34,13640323
25-Jun-12,15.51,15.55,15.31,15.44,13383517
22-Jun-12,15.53,15.70,15.52,15.61,11042683
21-Jun-12,15.74,15.80,15.47,15.52,13102879
20-Jun-12,15.69,15.75,15.58,15.74,11260690
19-Jun-12,15.52,15.69,15.51,15.65,10638148
18-Jun-12,15.33,15.54,15.27,15.49,9659149
15-Jun-12,15.44,15.44,15.33,15.36,11716895
14-Jun-12,15.30,15.46,15.25,15.36,11612611
13-Jun-12,15.47,15.49,15.27,15.34,16456268
12-Jun-12,15.35,15.52,15.26,15.47,17012443
11-Jun-12,15.73,15.73,15.27,15.30,17147687
8-Jun-12,15.52,15.68,15.40,15.65,16422357
7-Jun-12,15.47,15.50,15.33,15.36,12643619
6-Jun-12,15.14,15.41,15.14,15.36,18300693
5-Jun-12,15.00,15.14,14.91,15.10,9725441
4-Jun-12,14.90,15.03,14.81,15.01,15479055
1-Jun-12,15.04,15.12,14.85,14.92,16202329
31-May-12,15.23,15.37,15.12,15.24,17161481
30-May-12,15.30,15.34,15.16,15.25,14925544
29-May-12,15.40,15.55,15.28,15.47,18465318
25-May-12,15.40,15.48,15.28,15.36,13629383
24-May-12,15.34,15.51,15.22,15.35,13879511
23-May-12,15.19,15.43,15.14,15.38,18115269
22-May-12,15.58,15.61,15.19,15.29,33543631
21-May-12,16.00,16.00,15.10,15.58,51152115
18-May-12,15.78,15.87,15.36,15.42,32684254
17-May-12,15.26,15.37,14.85,14.87,17347626
16-May-12,15.40,15.57,15.26,15.28,17247303
15-May-12,15.47,15.55,15.34,15.40,13743166
14-May-12,15.48,15.77,15.40,15.50,30819739
11-May-12,14.88,15.44,14.80,15.19,21134710
10-May-12,15.40,15.54,15.30,15.44,11175681
9-May-12,15.17,15.45,15.03,15.30,19009078
8-May-12,15.31,15.44,15.09,15.36,18604517
7-May-12,15.34,15.49,15.16,15.35,13467153
4-May-12,15.25,15.29,15.09,15.15,13771297
3-May-12,15.64,15.64,15.32,15.40,10934219
2-May-12,15.58,15.77,15.54,15.67,10840951
1-May-12,15.51,15.72,15.50,15.63,9799226
30-Apr-12,15.55,15.57,15.45,15.54,10895462
27-Apr-12,15.51,15.62,15.49,15.57,9711543
26-Apr-12,15.44,15.55,15.38,15.53,12543229
25-Apr-12,15.43,15.51,15.38,15.50,13236914
24-Apr-12,15.33,15.52,15.33,15.43,12140621
23-Apr-12,15.41,15.47,15.29,15.33,21683640
20-Apr-12,15.41,15.70,15.39,15.60,24560459
19-Apr-12,15.44,15.57,15.36,15.40,18436172
18-Apr-12,15.40,15.57,15.30,15.49,36562348
17-Apr-12,14.82,15.18,14.82,15.01,20558906
16-Apr-12,15.00,15.04,14.73,14.78,13639142
13-Apr-12,14.99,15.18,14.86,14.87,15336610
12-Apr-12,14.90,15.10,14.84,15.06,9487715
11-Apr-12,15.08,15.08,14.84,14.88,11208690
10-Apr-12,15.08,15.18,14.91,14.99,15287467
9-Apr-12,15.00,15.25,14.96,15.10,11335915
5-Apr-12,15.14,15.26,15.00,15.06,11719364
4-Apr-12,15.15,15.34,15.00,15.27,20958443
3-Apr-12,15.36,15.43,15.06,15.18,18205919
2-Apr-12,15.19,15.51,15.11,15.46,14423746
30-Mar-12,15.37,15.42,15.18,15.22,15516149
29-Mar-12,15.19,15.34,15.11,15.30,9934764
28-Mar-12,15.45,15.48,15.14,15.32,18835377
27-Mar-12,15.53,15.55,15.41,15.43,11893220
26-Mar-12,15.46,15.56,15.36,15.54,11500800
23-Mar-12,15.52,15.59,15.31,15.38,8495792
22-Mar-12,15.51,15.56,15.38,15.48,14619861
21-Mar-12,15.42,15.61,15.17,15.51,25025789
20-Mar-12,15.00,15.61,14.92,15.41,22189645
19-Mar-12,15.08,15.22,14.92,15.15,16650135
16-Mar-12,14.95,15.18,14.92,15.18,28343137
15-Mar-12,14.64,14.98,14.57,14.88,19810763
14-Mar-12,14.54,14.64,14.42,14.63,14767830
13-Mar-12,14.54,14.62,14.39,14.55,17134337
12-Mar-12,14.66,14.76,14.48,14.49,11309159
9-Mar-12,14.63,14.70,14.61,14.63,9772432
8-Mar-12,14.70,14.77,14.52,14.62,11273272
7-Mar-12,14.48,14.71,14.44,14.62,10623336
6-Mar-12,14.61,14.69,14.35,14.42,12696860
5-Mar-12,14.66,14.95,14.52,14.62,11753807
2-Mar-12,14.88,14.92,14.66,14.72,9168834
1-Mar-12,14.89,14.96,14.79,14.93,12286079
29-Feb-12,14.89,14.93,14.78,14.83,19616656
28-Feb-12,14.93,14.99,14.76,14.90,15399842
27-Feb-12,14.74,14.91,14.72,14.86,13434112
24-Feb-12,14.86,14.97,14.83,14.89,12111859
23-Feb-12,14.55,14.81,14.37,14.78,15695712
22-Feb-12,14.68,14.75,14.43,14.50,27189767
21-Feb-12,15.04,15.07,14.75,14.75,29698052
17-Feb-12,15.41,15.44,15.00,15.01,22898691
16-Feb-12,15.25,15.38,15.10,15.36,15377354
15-Feb-12,15.23,15.30,15.08,15.12,25318327
14-Feb-12,16.07,16.10,14.92,15.36,88675936
13-Feb-12,16.13,16.24,16.05,16.12,10067290
10-Feb-12,16.02,16.31,16.00,16.14,27796352
9-Feb-12,16.10,16.10,15.90,16.00,22550991
8-Feb-12,15.96,15.97,15.72,15.78,13448816
7-Feb-12,15.84,15.89,15.74,15.83,13504418
6-Feb-12,15.94,15.95,15.76,15.82,11291206
3-Feb-12,15.94,15.98,15.83,15.92,13659221
2-Feb-12,15.76,15.82,15.69,15.72,9948709
1-Feb-12,15.57,15.80,15.53,15.73,13223197
31-Jan-12,15.54,15.62,15.41,15.47,10731010
30-Jan-12,15.61,15.65,15.50,15.55,11076828
27-Jan-12,15.50,15.80,15.46,15.74,10866737
26-Jan-12,15.63,15.69,15.42,15.53,15409950
25-Jan-12,15.60,15.70,15.46,15.56,23352777
24-Jan-12,15.57,15.81,15.55,15.69,17152110
23-Jan-12,15.85,15.93,15.64,15.68,17872169
20-Jan-12,16.11,16.11,15.85,15.96,22008252
19-Jan-12,15.90,16.15,15.89,16.12,22646529
18-Jan-12,15.87,16.00,15.69,15.92,35701899
17-Jan-12,15.63,15.66,15.39,15.43,15334125
13-Jan-12,15.48,15.48,15.48,15.48,0
12-Jan-12,15.58,15.73,15.45,15.66,12665998
11-Jan-12,15.56,15.62,15.35,15.53,10805281
10-Jan-12,15.52,15.52,15.52,15.52,0
9-Jan-12,15.59,15.61,15.35,15.46,13194246
6-Jan-12,15.64,15.66,15.40,15.52,13313562
5-Jan-12,15.60,15.69,15.44,15.64,19423687
4-Jan-12,16.12,16.16,15.74,15.78,35655206
3-Jan-12,16.27,16.39,16.20,16.28,19712161
30-Dec-11,16.13,16.13,16.13,16.13,0
29-Dec-11,15.95,16.23,15.80,16.13,15284347
28-Dec-11,15.77,15.77,15.77,15.77,0
27-Dec-11,16.16,16.17,16.01,16.09,9739471
23-Dec-11,16.19,16.19,16.19,16.19,0
22-Dec-11,16.36,16.40,15.95,16.00,33812755
21-Dec-11,15.15,16.24,14.74,15.99,47127515
20-Dec-11,15.11,15.11,15.11,15.11,0
19-Dec-11,14.95,15.00,14.57,14.62,21455793
16-Dec-11,15.05,15.26,14.92,14.96,32625191
15-Dec-11,15.21,15.29,15.01,15.16,14830947
14-Dec-11,15.19,15.28,14.80,15.02,27251044
13-Dec-11,15.54,15.74,15.35,15.42,15584324
12-Dec-11,15.49,15.49,15.49,15.49,0
9-Dec-11,15.61,15.96,15.60,15.94,13454360
8-Dec-11,15.60,15.76,15.53,15.61,18132201
7-Dec-11,15.82,15.86,15.56,15.62,19755597
6-Dec-11,15.90,16.05,15.84,15.84,17340776
5-Dec-11,16.11,16.14,15.83,15.89,19896492
2-Dec-11,16.31,16.41,16.03,16.05,22714425
1-Dec-11,16.42,16.46,16.09,16.23,47059601
30-Nov-11,15.90,16.04,15.65,15.71,34718122
29-Nov-11,15.60,15.94,15.45,15.70,29293943
28-Nov-11,15.24,15.47,15.21,15.35,19028944
25-Nov-11,15.00,15.25,14.90,15.10,10781728
23-Nov-11,14.94,14.94,14.94,14.94,0
22-Nov-11,14.88,15.08,14.75,14.97,14840160
21-Nov-11,15.19,15.19,14.77,14.99,23678060
18-Nov-11,15.56,15.69,15.36,15.38,17163991
17-Nov-11,15.69,15.77,15.20,15.34,17446292
16-Nov-11,15.80,16.10,15.70,15.72,14367517
15-Nov-11,15.93,16.05,15.70,15.93,17654973
14-Nov-11,16.17,16.31,15.93,16.00,14282098
11-Nov-11,15.96,16.31,15.91,16.27,14546140
10-Nov-11,16.18,16.22,15.84,15.95,15370968
9-Nov-11,16.17,16.50,15.87,15.92,45328226
8-Nov-11,15.87,16.18,15.81,15.97,25079636
7-Nov-11,15.26,15.70,15.25,15.69,22390612
4-Nov-11,15.39,15.54,14.95,15.24,41852983
3-Nov-11,15.20,15.50,15.03,15.48,16818633
2-Nov-11,15.10,15.30,15.00,15.10,20763401
1-Nov-11,14.95,15.08,14.75,14.93,41840623
31-Oct-11,16.06,16.07,15.45,15.64,39763681
28-Oct-11,16.41,16.70,16.25,16.56,20286809
27-Oct-11,16.56,16.70,16.45,16.63,19772114
26-Oct-11,16.33,16.44,15.86,16.30,23638309
25-Oct-11,16.66,16.70,16.18,16.24,24059657
24-Oct-11,16.57,16.75,16.31,16.71,29863977
21-Oct-11,16.38,16.39,16.06,16.12,29739367
20-Oct-11,16.20,16.49,15.97,16.18,40816828
19-Oct-11,16.04,16.79,15.73,15.94,54264451
18-Oct-11,15.72,15.74,15.11,15.47,31377900
17-Oct-11,15.95,16.04,15.65,15.70,21203976
14-Oct-11,16.13,16.15,15.66,15.91,23520095
13-Oct-11,15.76,16.37,15.54,15.93,32487269
12-Oct-11,15.93,15.95,15.67,15.77,20585382
11-Oct-11,15.79,15.95,15.59,15.86,18050274
10-Oct-11,15.86,16.04,15.62,15.84,33084934
7-Oct-11,15.64,15.75,15.38,15.47,27953928
6-Oct-11,15.16,15.80,14.92,15.65,49961022
5-Oct-11,14.66,16.15,14.39,15.92,97330173
4-Oct-11,14.00,14.48,13.87,14.46,44487200
3-Oct-11,13.70,14.04,13.37,13.53,43196239
30-Sep-11,13.21,13.44,13.11,13.17,30536073
29-Sep-11,14.34,14.39,13.15,13.42,45782189
28-Sep-11,14.61,14.62,14.15,14.19,21284688
27-Sep-11,14.92,15.00,14.44,14.54,25093844
26-Sep-11,14.79,14.80,14.23,14.75,24472226
23-Sep-11,14.23,14.83,14.12,14.71,49333116
22-Sep-11,14.20,14.25,13.69,13.99,60456273
21-Sep-11,14.38,14.60,13.96,13.96,32018137
20-Sep-11,14.53,14.66,14.28,14.36,21773998
19-Sep-11,14.76,14.79,14.40,14.61,27290058
16-Sep-11,15.09,15.34,14.94,14.97,56827817
15-Sep-11,14.73,15.40,14.51,14.89,58585016
14-Sep-11,14.47,14.94,14.34,14.55,37389606
13-Sep-11,14.30,14.34,14.12,14.26,19930223
12-Sep-11,14.12,14.28,13.92,14.26,32700733
9-Sep-11,14.36,14.57,14.07,14.48,60031868
8-Sep-11,13.57,14.49,13.37,14.44,93971939
7-Sep-11,13.75,14.00,13.24,13.61,77329448
6-Sep-11,12.52,12.95,12.45,12.91,54455285
2-Sep-11,13.12,13.13,12.86,12.87,20509323
1-Sep-11,13.67,13.78,13.32,13.35,17962631
31-Aug-11,13.91,13.94,13.54,13.61,25391661
30-Aug-11,13.30,13.98,13.23,13.84,29165003
29-Aug-11,12.90,13.68,12.69,13.68,31000622
26-Aug-11,12.80,12.89,12.52,12.74,35884143
25-Aug-11,13.12,13.21,12.81,12.87,21811729
24-Aug-11,13.28,13.30,12.79,13.15,24968556
23-Aug-11,12.91,13.35,12.75,13.35,17187326
22-Aug-11,13.16,13.23,12.77,12.84,14199711
19-Aug-11,12.75,13.08,12.72,12.92,26185753
18-Aug-11,13.02,13.09,12.80,12.96,30448815
17-Aug-11,13.49,13.62,13.32,13.47,17008048
16-Aug-11,13.34,13.57,13.18,13.48,25583139
15-Aug-11,13.63,13.69,13.27,13.46,25686333
12-Aug-11,12.81,13.62,12.76,13.58,48476111
11-Aug-11,11.89,12.92,11.88,12.86,51100217
10-Aug-11,11.77,12.14,11.62,11.77,48033973
9-Aug-11,0.00,12.09,11.25,12.08,47486551
8-Aug-11,11.43,11.80,11.09,11.09,59577539
5-Aug-11,12.08,12.12,11.41,11.74,47067433
4-Aug-11,12.80,12.86,11.99,12.00,39442225
3-Aug-11,12.84,13.07,12.52,13.02,26163350
2-Aug-11,12.96,13.18,12.75,12.76,25800256
1-Aug-11,13.24,13.34,12.95,13.10,26879954
29-Jul-11,13.89,14.07,13.04,13.10,67798407
28-Jul-11,13.60,13.71,13.43,13.50,20636427
27-Jul-11,13.87,13.90,13.57,13.58,20560126
26-Jul-11,13.70,13.99,13.65,13.94,20935946
25-Jul-11,13.84,13.88,13.68,13.69,16733449
22-Jul-11,13.65,14.05,13.57,13.98,30144780
21-Jul-11,13.50,13.62,13.36,13.59,30493456
20-Jul-11,14.15,14.15,13.45,13.48,63098312
19-Jul-11,14.57,14.69,14.45,14.59,30168131
18-Jul-11,14.68,14.69,14.36,14.42,24504779
15-Jul-11,14.75,14.94,14.61,14.69,19746861
14-Jul-11,14.88,14.99,14.60,14.63,27086009
13-Jul-11,15.01,15.10,14.87,14.91,16646489
12-Jul-11,15.01,15.18,14.85,14.86,22793682
11-Jul-11,15.43,15.44,14.99,15.05,21487664
8-Jul-11,15.62,15.69,15.44,15.61,14366237
7-Jul-11,15.78,15.95,15.70,15.81,20992401
6-Jul-11,15.53,15.81,15.52,15.72,18290651
5-Jul-11,15.40,15.67,15.25,15.49,20482062
1-Jul-11,15.45,15.45,15.45,15.45,0
30-Jun-11,14.98,15.10,14.64,15.04,34906399
29-Jun-11,14.96,15.05,14.68,14.89,25468150
28-Jun-11,14.95,15.18,14.88,14.95,16059227
27-Jun-11,14.87,14.98,14.77,14.88,13837583
24-Jun-11,15.08,15.16,14.85,14.88,25343733
23-Jun-11,15.08,15.09,14.72,15.08,32524673
22-Jun-11,15.29,15.53,15.19,15.22,30154648
21-Jun-11,15.03,15.38,14.91,15.35,17508751
20-Jun-11,14.66,15.42,14.66,14.99,32653383
17-Jun-11,14.98,14.98,14.56,14.70,23004121
16-Jun-11,15.01,15.09,14.65,14.78,24453688
15-Jun-11,15.01,15.05,14.50,14.81,41286143
14-Jun-11,15.26,15.56,15.19,15.20,21995251
13-Jun-11,15.20,15.34,15.10,15.16,14582698
10-Jun-11,15.27,15.73,15.11,15.20,19455054
9-Jun-11,15.18,15.33,14.94,15.22,18682381
8-Jun-11,15.37,15.38,15.08,15.10,21989431
7-Jun-11,15.54,15.65,15.32,15.44,16516039
6-Jun-11,15.73,15.85,15.41,15.45,18203316
3-Jun-11,15.82,16.00,15.63,15.68,22245115
2-Jun-11,16.00,16.11,15.87,16.02,21009877
1-Jun-11,16.34,16.43,15.79,15.84,40295512
31-May-11,16.17,16.59,16.12,16.55,30266543
27-May-11,16.02,16.02,16.02,16.02,0
26-May-11,16.18,16.22,15.88,15.98,24006941
25-May-11,16.19,16.99,16.10,16.15,34172563
24-May-11,16.11,16.41,16.05,16.14,23153010
23-May-11,16.05,16.17,16.00,16.06,19252089
20-May-11,16.32,16.44,16.15,16.30,23582606
19-May-11,16.05,16.49,16.04,16.35,40356311
18-May-11,16.07,16.16,15.75,15.96,25880177
17-May-11,15.88,16.07,15.72,16.00,31576416
16-May-11,16.68,16.69,15.63,15.81,62094516
13-May-11,16.14,16.84,15.96,16.55,120057586
12-May-11,17.12,17.81,16.93,17.17,52984629
11-May-11,18.45,18.61,16.74,17.20,131204310
10-May-11,18.67,18.70,18.42,18.55,18475072
9-May-11,18.60,18.84,18.54,18.56,15597465
6-May-11,18.59,18.80,18.38,18.65,29694530
5-May-11,18.12,18.56,18.05,18.43,30757348
4-May-11,17.99,18.38,17.96,18.20,23586923
3-May-11,18.23,18.64,17.88,17.92,32627501
2-May-11,17.79,18.34,17.57,18.14,44036368
29-Apr-11,17.46,17.77,17.36,17.70,30793842
28-Apr-11,17.22,17.53,17.17,17.51,14415572
27-Apr-11,17.30,17.43,17.18,17.26,16642364
26-Apr-11,17.11,17.37,17.02,17.28,20041256
25-Apr-11,17.01,17.30,16.90,17.11,17775506
21-Apr-11,16.85,16.85,16.85,16.85,0
20-Apr-11,16.70,17.23,16.59,16.87,34319601
19-Apr-11,16.21,16.36,16.08,16.12,31547353
18-Apr-11,16.35,16.44,16.06,16.34,21940555
15-Apr-11,16.64,16.78,16.54,16.62,14757143
14-Apr-11,16.55,16.82,16.43,16.69,16599422
13-Apr-11,16.43,16.69,16.43,16.64,16700363
12-Apr-11,16.55,16.64,16.29,16.36,20169513
11-Apr-11,16.91,16.96,16.37,16.59,34843436
8-Apr-11,17.08,17.11,16.77,16.77,13118860
7-Apr-11,16.91,17.10,16.78,17.00,12780605
6-Apr-11,17.17,17.20,16.94,17.05,13301365
5-Apr-11,16.81,17.29,16.79,17.11,18465120
4-Apr-11,16.90,17.05,16.81,16.87,9568617
1-Apr-11,16.83,16.98,16.72,16.84,12487345
31-Mar-11,16.71,16.88,16.65,16.68,15343678
30-Mar-11,16.83,16.92,16.68,16.74,12947119
29-Mar-11,16.60,16.78,16.53,16.75,10041057
28-Mar-11,17.01,17.06,16.58,16.58,16070924
25-Mar-11,16.94,17.05,16.70,16.96,21047284
24-Mar-11,16.19,16.91,16.17,16.83,20124174
23-Mar-11,16.30,16.34,15.98,16.13,30842481
22-Mar-11,16.29,16.48,16.16,16.36,30699780
21-Mar-11,16.18,16.50,16.16,16.29,20617035
18-Mar-11,16.10,16.19,16.01,16.03,26660302
17-Mar-11,16.16,16.42,15.81,15.86,37553865
16-Mar-11,16.33,16.48,15.85,15.91,38378465
15-Mar-11,16.66,16.68,16.04,16.33,51522051
14-Mar-11,17.24,17.44,17.09,17.31,21584294
11-Mar-11,17.00,17.54,17.00,17.42,19455986
10-Mar-11,17.30,17.39,16.93,17.06,25673067
9-Mar-11,16.89,17.70,16.85,17.65,33807594
8-Mar-11,16.74,17.02,16.72,16.94,12720392
7-Mar-11,17.07,17.15,16.49,16.70,18772057
4-Mar-11,16.75,17.20,16.72,17.08,20275511
3-Mar-11,16.85,17.04,16.76,16.86,35202055
2-Mar-11,16.65,16.85,16.60,16.63,24529436
1-Mar-11,16.46,16.49,16.08,16.10,16702757
28-Feb-11,16.37,16.60,16.28,16.40,20210206
25-Feb-11,16.39,16.77,16.38,16.50,16939515
24-Feb-11,16.66,16.73,16.04,16.37,31570331
23-Feb-11,17.03,17.10,16.35,16.58,35225045
22-Feb-11,17.08,17.39,16.87,16.90,34768084
18-Feb-11,17.66,17.66,17.66,17.66,0
17-Feb-11,17.75,17.82,17.50,17.77,23566561
16-Feb-11,17.23,17.82,17.21,17.76,41824091
15-Feb-11,16.80,17.39,16.78,17.20,31404844
14-Feb-11,16.84,16.93,16.72,16.89,14502978
11-Feb-11,16.58,16.86,16.54,16.85,15386260
10-Feb-11,16.39,16.72,16.35,16.62,15430411
9-Feb-11,16.54,16.70,16.35,16.43,17785773
8-Feb-11,16.83,16.85,16.48,16.60,17931945
7-Feb-11,16.81,17.00,16.77,16.80,16046409
4-Feb-11,16.74,16.91,16.45,16.78,19127852
3-Feb-11,16.48,16.91,16.40,16.69,33314581
2-Feb-11,16.25,16.66,16.25,16.57,21106744
1-Feb-11,16.33,16.46,16.23,16.38,26938822
31-Jan-11,15.82,16.20,15.79,16.12,22911363
28-Jan-11,16.15,16.21,15.68,15.83,24736190
27-Jan-11,15.58,16.36,15.58,16.20,39066928
26-Jan-11,15.93,16.05,15.41,15.57,49690763
25-Jan-11,16.17,16.19,15.85,16.02,26673037
24-Jan-11,16.00,16.24,15.76,16.09,23375261
21-Jan-11,16.27,16.31,15.93,15.96,23372818
20-Jan-11,16.29,16.33,16.09,16.23,14622699
19-Jan-11,16.49,16.55,16.23,16.31,17129910
18-Jan-11,16.62,16.68,16.42,16.50,21393613
14-Jan-11,16.81,16.81,16.81,16.81,0
13-Jan-11,16.64,16.92,16.57,16.75,15967199
12-Jan-11,16.71,16.81,16.59,16.65,15073536
11-Jan-11,16.70,16.73,16.53,16.58,14615651
10-Jan-11,16.78,16.80,16.50,16.60,16176687
7-Jan-11,17.03,17.17,16.65,16.90,19872124
6-Jan-11,16.90,17.34,16.77,17.06,30666738
5-Jan-11,16.55,16.91,16.34,16.91,23447604
4-Jan-11,16.71,16.83,16.57,16.59,11098025
3-Jan-11,16.81,16.94,16.67,16.75,17689296
31-Dec-10,16.74,16.76,16.47,16.63,7760301
30-Dec-10,16.60,16.77,16.52,16.76,8320832
29-Dec-10,16.50,16.77,16.43,16.61,7668537
28-Dec-10,16.47,16.54,16.33,16.43,8394174
27-Dec-10,16.62,16.63,16.40,16.48,7492301
23-Dec-10,16.72,16.72,16.72,16.72,0
22-Dec-10,16.67,16.78,16.56,16.63,6769290
21-Dec-10,16.31,16.68,16.20,16.60,11394674
20-Dec-10,16.38,16.42,16.15,16.28,17566329
17-Dec-10,16.51,16.66,16.32,16.38,24896080
16-Dec-10,16.45,16.70,16.44,16.51,12943978
15-Dec-10,16.55,16.73,16.42,16.45,10944181
14-Dec-10,16.77,16.84,16.57,16.63,11601566
13-Dec-10,16.90,16.99,16.69,16.70,12755317
10-Dec-10,16.97,17.05,16.91,17.01,8985247
9-Dec-10,17.12,17.19,16.80,16.95,8676910
8-Dec-10,17.01,17.22,16.96,17.02,21773286
7-Dec-10,16.50,17.07,16.50,16.94,29062471
6-Dec-10,16.47,16.60,16.30,16.33,12063757
3-Dec-10,16.27,16.37,16.20,16.35,9227938
2-Dec-10,16.20,16.41,16.12,16.33,13349228
1-Dec-10,16.00,16.40,16.00,16.15,17435891
30-Nov-10,16.20,16.34,15.77,15.82,24981083
29-Nov-10,16.10,16.45,15.95,16.38,14655612
26-Nov-10,16.25,16.40,16.22,16.22,4953838
24-Nov-10,16.41,16.41,16.41,16.41,0
23-Nov-10,16.34,16.43,16.04,16.19,22947788
22-Nov-10,16.43,16.65,16.25,16.56,14316867
19-Nov-10,16.97,16.97,16.52,16.57,24036919
18-Nov-10,16.40,17.17,16.29,16.99,46508945
17-Nov-10,16.21,16.33,16.11,16.15,10311449
16-Nov-10,16.45,16.49,16.10,16.24,23493653
15-Nov-10,16.56,16.89,16.33,16.60,18934576
12-Nov-10,16.65,16.75,16.40,16.55,17703316
11-Nov-10,16.63,16.86,16.52,16.80,15312871
10-Nov-10,17.00,17.01,16.75,16.94,17012581
9-Nov-10,17.22,17.60,16.86,16.97,56225700
8-Nov-10,16.47,16.50,16.25,16.44,15569519
5-Nov-10,16.18,16.40,16.18,16.26,13413950
4-Nov-10,16.31,16.35,16.02,16.20,26488258
3-Nov-10,16.21,16.23,16.01,16.17,17325434
2-Nov-10,16.29,16.40,16.18,16.19,9966887
1-Nov-10,16.50,16.52,16.08,16.15,14362454
29-Oct-10,16.37,16.52,16.33,16.49,16013622
28-Oct-10,16.45,16.45,16.31,16.40,12689468
27-Oct-10,16.40,16.43,16.20,16.42,13771586
26-Oct-10,16.22,16.48,16.20,16.46,22348956
25-Oct-10,16.30,16.44,16.15,16.40,17256584
22-Oct-10,15.90,16.41,15.86,16.30,24268983
21-Oct-10,15.90,16.00,15.73,15.97,26935486
20-Oct-10,15.79,16.25,15.78,15.80,37790173
19-Oct-10,15.73,15.80,15.37,15.49,32678524
18-Oct-10,16.20,16.28,15.75,15.92,36320900
15-Oct-10,16.17,16.73,15.90,16.25,58481713
14-Oct-10,16.75,16.76,15.75,15.93,123448885
13-Oct-10,14.57,15.48,14.50,15.25,50773328
12-Oct-10,14.36,14.47,14.27,14.43,12465695
11-Oct-10,14.45,14.58,14.38,14.41,8348179
8-Oct-10,14.21,14.56,14.18,14.49,16102825
7-Oct-10,14.60,14.61,14.14,14.23,18068508
6-Oct-10,14.60,14.70,14.34,14.52,20296970
5-Oct-10,14.45,14.77,14.40,14.61,23991894
4-Oct-10,14.20,14.32,14.13,14.28,20557468
1-Oct-10,14.19,14.35,14.13,14.27,16096442
30-Sep-10,14.26,14.35,13.99,14.17,20376105
29-Sep-10,14.36,14.39,14.06,14.34,24475653
28-Sep-10,14.33,14.45,14.14,14.39,16074055
27-Sep-10,14.46,14.52,14.25,14.28,20678053
24-Sep-10,14.30,14.51,14.24,14.50,24154784
23-Sep-10,13.93,14.24,13.93,14.17,16931677
22-Sep-10,14.19,14.25,13.96,14.04,18567436
21-Sep-10,13.94,14.26,13.92,14.18,32428794
20-Sep-10,13.95,14.06,13.84,13.86,26684166
17-Sep-10,14.33,14.33,13.88,13.89,79565378
16-Sep-10,14.20,14.23,13.98,14.19,27281440
15-Sep-10,14.03,14.35,13.77,14.27,90037963
14-Sep-10,13.76,13.76,13.60,13.63,23071935
13-Sep-10,13.83,13.88,13.61,13.73,24261381
10-Sep-10,13.68,13.77,13.54,13.68,18590129
9-Sep-10,13.88,13.92,13.57,13.65,17735433
8-Sep-10,13.66,13.82,13.62,13.75,12102685
7-Sep-10,13.56,13.62,13.50,13.53,10240564
6-Sep-10,13.62,13.62,13.62,13.62,0
3-Sep-10,13.62,13.62,13.62,13.62,0
2-Sep-10,13.33,13.54,13.26,13.51,18190184
1-Sep-10,13.20,13.41,13.13,13.37,24616666
31-Aug-10,13.11,13.14,12.94,13.11,16489625
30-Aug-10,13.27,13.42,13.18,13.18,7120822
27-Aug-10,13.24,13.47,13.16,13.43,12705926
26-Aug-10,13.36,13.40,13.21,13.21,14602686
25-Aug-10,13.29,13.31,13.14,13.26,15560748
24-Aug-10,13.53,13.64,13.39,13.40,13426732
23-Aug-10,13.81,13.84,13.54,13.65,12297592
20-Aug-10,13.85,13.95,13.74,13.79,17192752
19-Aug-10,13.85,14.00,13.80,13.85,14100653
18-Aug-10,13.98,14.05,13.85,13.99,15540269
17-Aug-10,13.84,14.00,13.75,13.94,13298852
16-Aug-10,13.75,13.90,13.70,13.79,11416375
13-Aug-10,13.81,13.96,13.76,13.83,7845583
12-Aug-10,13.77,13.99,13.75,13.85,11662419
11-Aug-10,14.14,14.20,13.84,13.87,13243119
10-Aug-10,14.26,14.46,14.20,14.35,9657902
9-Aug-10,14.34,14.52,14.34,14.40,12204084
6-Aug-10,14.06,14.38,14.00,14.34,13394783
5-Aug-10,14.16,14.25,14.02,14.16,13076154
4-Aug-10,14.00,14.20,13.92,14.18,14298334
3-Aug-10,13.95,14.07,13.91,13.94,14098558
2-Aug-10,14.01,14.08,13.96,14.00,14167113
30-Jul-10,13.69,13.98,13.68,13.88,18380348
29-Jul-10,13.90,13.96,13.75,13.76,16702993
28-Jul-10,13.91,13.99,13.85,13.87,13522529
27-Jul-10,14.07,14.10,13.89,13.95,20973423
26-Jul-10,13.96,14.22,13.95,14.15,23247802
23-Jul-10,13.78,14.04,13.52,13.99,34318352
22-Jul-10,13.89,14.17,13.81,13.88,42677531
21-Jul-10,14.27,14.28,13.75,13.91,78035738
20-Jul-10,14.99,15.28,14.80,15.20,29578247
19-Jul-10,15.23,15.38,15.02,15.10,16168200
16-Jul-10,15.33,15.37,13.86,14.90,16829741
15-Jul-10,15.31,15.39,15.04,15.37,12626558
14-Jul-10,15.32,15.42,15.20,15.37,12255690
13-Jul-10,15.06,15.60,14.99,15.52,22328766
12-Jul-10,14.93,15.21,14.78,14.94,15587186
9-Jul-10,14.60,14.93,14.59,14.89,12683147
8-Jul-10,14.43,14.77,14.40,14.60,17089452
7-Jul-10,14.18,14.42,14.12,14.40,17421765
6-Jul-10,14.23,14.46,14.00,14.13,17337419
5-Jul-10,14.07,14.07,14.07,14.07,0
2-Jul-10,14.07,14.07,14.07,14.07,0
1-Jul-10,13.99,14.15,13.75,14.09,33223141
30-Jun-10,13.95,14.22,13.79,13.84,23920621
29-Jun-10,14.53,14.54,13.88,14.04,31829700
28-Jun-10,14.83,14.86,14.58,14.73,8252794
25-Jun-10,14.86,14.92,14.57,14.81,29818499
24-Jun-10,15.11,15.19,14.70,14.83,18300774
23-Jun-10,15.14,15.39,14.95,15.23,13374351
22-Jun-10,15.24,15.51,15.07,15.09,22419941
21-Jun-10,15.71,15.84,15.09,15.21,20412770
18-Jun-10,15.66,15.67,15.47,15.54,12767019
17-Jun-10,15.72,15.72,15.44,15.60,10769222
16-Jun-10,15.58,15.65,15.34,15.49,15922252
15-Jun-10,15.29,15.69,15.23,15.65,13891667
14-Jun-10,15.46,15.49,15.15,15.17,12498282
11-Jun-10,15.02,15.35,14.98,15.29,14056715
10-Jun-10,14.94,15.14,14.87,15.10,21249060
9-Jun-10,14.93,15.06,14.65,14.69,18110456
8-Jun-10,15.05,15.12,14.62,14.79,35500617
7-Jun-10,15.19,15.36,14.94,14.94,19153152
4-Jun-10,15.12,15.38,14.96,15.00,23606399
3-Jun-10,15.32,15.50,15.16,15.43,28401931
2-Jun-10,15.04,15.20,14.96,15.18,24996434
1-Jun-10,15.31,15.55,14.98,15.02,30475455
31-May-10,15.34,15.34,15.34,15.34,0
28-May-10,15.34,15.34,15.34,15.34,0
27-May-10,15.83,15.84,15.36,15.69,31095264
26-May-10,15.60,15.83,15.43,15.45,33663236
25-May-10,15.04,15.31,14.89,15.31,27856298
24-May-10,15.42,15.79,15.36,15.54,20116748
21-May-10,14.81,15.90,14.63,15.48,31215253
20-May-10,15.45,15.49,15.06,15.10,33788983
19-May-10,15.83,16.00,15.51,15.79,20485791
18-May-10,16.27,16.44,15.95,16.03,16189395
17-May-10,16.41,16.47,15.96,16.27,21951966
14-May-10,16.51,16.66,16.14,16.39,28111343
13-May-10,16.49,16.50,16.08,16.14,15363798
12-May-10,16.45,16.50,16.33,16.47,16405838
11-May-10,15.95,16.64,15.91,16.41,27796495
10-May-10,16.04,16.83,16.00,16.33,28108743
7-May-10,15.77,15.95,15.25,15.29,43940960
6-May-10,16.34,16.51,15.43,15.92,32125771
5-May-10,16.17,16.70,16.11,16.49,23004199
4-May-10,16.63,16.90,16.25,16.32,31382682
3-May-10,16.68,16.98,16.56,16.95,18162340
30-Apr-10,17.11,17.13,16.53,16.53,19688119
29-Apr-10,16.82,17.05,16.78,16.97,16792947
28-Apr-10,16.98,17.00,16.63,16.75,26462001
27-Apr-10,17.28,17.36,16.88,16.92,22851487
26-Apr-10,17.69,17.72,17.34,17.39,17369309
23-Apr-10,17.71,17.83,17.50,17.64,18902572
22-Apr-10,17.37,17.78,17.15,17.72,36235595
21-Apr-10,17.58,17.78,17.30,17.45,71686144
20-Apr-10,18.50,18.52,18.22,18.38,39171899
19-Apr-10,18.01,18.40,17.99,18.39,26973420
16-Apr-10,18.67,18.68,17.96,18.17,51429557
15-Apr-10,18.30,19.12,18.13,18.97,60024643
14-Apr-10,18.15,18.47,18.06,18.38,41028485
13-Apr-10,17.51,18.30,17.40,18.18,47517352
12-Apr-10,17.52,17.88,17.41,17.64,22832954
9-Apr-10,17.42,18.07,17.24,17.52,47732998
8-Apr-10,16.91,17.41,16.90,17.35,45369131
7-Apr-10,16.78,16.92,16.76,16.87,19926465
6-Apr-10,16.55,16.98,16.42,16.92,25696677
5-Apr-10,16.39,16.56,16.30,16.51,9226094
2-Apr-10,16.29,16.29,16.29,16.29,0
1-Apr-10,16.29,16.29,16.29,16.29,0
31-Mar-10,16.45,16.58,16.42,16.53,11997247
30-Mar-10,16.55,16.69,16.39,16.61,16204015
29-Mar-10,16.48,16.68,16.47,16.56,14903382
26-Mar-10,16.34,16.57,16.31,16.54,23224833
25-Mar-10,16.17,16.59,16.14,16.32,27488975
24-Mar-10,16.10,16.20,15.92,16.09,32722173
23-Mar-10,16.34,16.34,15.97,16.03,31882415
22-Mar-10,16.37,16.54,16.32,16.34,18748282
19-Mar-10,16.62,16.81,16.34,16.44,17870954
18-Mar-10,16.46,16.57,16.32,16.56,12628443
17-Mar-10,16.28,16.63,16.28,16.50,13754520
16-Mar-10,16.47,16.59,16.23,16.36,18312751
15-Mar-10,16.35,16.64,16.28,16.46,18967703
12-Mar-10,16.51,16.59,16.26,16.32,23107144
11-Mar-10,16.57,16.65,16.10,16.53,21732897
10-Mar-10,16.51,16.94,16.51,16.79,33089430
9-Mar-10,16.41,16.72,16.40,16.53,20760273
8-Mar-10,16.32,16.61,16.30,16.52,30559715
5-Mar-10,15.89,16.38,15.89,16.06,21423373
4-Mar-10,15.55,15.85,15.52,15.81,22906138
3-Mar-10,15.85,15.85,15.55,15.57,20614299
2-Mar-10,15.87,15.96,15.67,15.73,20102047
1-Mar-10,15.43,15.83,15.40,15.79,17239356
26-Feb-10,15.27,15.41,15.16,15.31,14975622
25-Feb-10,15.32,15.35,15.13,15.24,20128844
24-Feb-10,15.48,15.71,15.33,15.59,19285254
23-Feb-10,15.45,15.51,15.14,15.38,18347050
22-Feb-10,15.61,15.68,15.44,15.49,10463698
19-Feb-10,15.49,15.71,15.32,15.58,15409017
18-Feb-10,15.40,15.60,15.32,15.54,13704778
17-Feb-10,15.50,15.52,15.32,15.44,12732860
16-Feb-10,15.23,15.48,15.18,15.41,21453147
15-Feb-10,15.17,15.17,15.17,15.17,0
12-Feb-10,15.17,15.17,15.17,15.17,0
11-Feb-10,14.87,15.25,14.76,15.22,24510127
10-Feb-10,15.02,15.02,14.48,14.80,36518008
9-Feb-10,15.20,15.24,14.94,15.07,16716845
8-Feb-10,15.18,15.47,14.95,14.99,19856359
5-Feb-10,15.01,15.25,14.92,15.19,20713744
4-Feb-10,15.34,15.52,14.99,15.01,27668017
3-Feb-10,15.12,15.60,15.12,15.46,24730564
2-Feb-10,15.10,15.32,15.03,15.17,27556624
1-Feb-10,15.14,15.30,14.87,15.05,29865661
29-Jan-10,15.51,15.67,14.90,15.01,39667312
28-Jan-10,15.93,15.96,15.44,15.44,30159437
27-Jan-10,16.46,16.49,15.77,15.98,41700911
26-Jan-10,15.82,16.17,15.70,15.99,43979302
25-Jan-10,16.07,16.11,15.74,15.86,19683693
22-Jan-10,16.08,16.21,15.81,15.88,25135493
21-Jan-10,16.39,16.58,16.10,16.20,21860505
20-Jan-10,16.65,16.68,16.25,16.38,14421141
19-Jan-10,16.78,16.96,16.64,16.75,15182984
18-Jan-10,16.82,16.82,16.82,16.82,0
15-Jan-10,16.82,16.82,16.82,16.82,0
14-Jan-10,16.81,17.23,16.80,17.12,16717061
13-Jan-10,16.88,16.98,16.65,16.90,16961731
12-Jan-10,16.65,16.86,16.60,16.68,15674461
11-Jan-10,16.77,16.83,16.48,16.74,16185267
8-Jan-10,16.68,16.76,16.62,16.70,15471074
7-Jan-10,16.81,16.90,16.57,16.70,31816301
6-Jan-10,17.17,17.30,17.07,17.17,16421960
5-Jan-10,17.22,17.23,17.00,17.23,11718126
4-Jan-10,16.94,17.20,16.88,17.10,16588957
1-Jan-10,16.78,16.78,16.78,16.78,0
31-Dec-09,16.78,16.78,16.78,16.78,0
30-Dec-09,16.83,16.99,16.81,16.98,8188504
29-Dec-09,16.84,16.97,16.68,16.92,13450109
28-Dec-09,16.74,16.94,16.68,16.88,11504227
25-Dec-09,16.72,16.72,16.72,16.72,0
24-Dec-09,16.69,16.75,16.65,16.72,4736535
23-Dec-09,16.35,16.70,16.00,16.67,23584894
22-Dec-09,15.88,16.08,15.82,15.98,10634595
21-Dec-09,16.11,16.17,15.85,15.88,17809025
18-Dec-09,15.94,16.14,15.78,16.14,30021013
17-Dec-09,15.72,15.96,15.64,15.82,26156659
16-Dec-09,15.57,15.82,15.47,15.79,20640271
15-Dec-09,15.77,15.88,15.65,15.74,13278173
14-Dec-09,15.90,15.97,15.64,15.81,18087089
11-Dec-09,15.85,15.90,15.62,15.74,22607415
10-Dec-09,15.34,15.57,15.24,15.49,18743964
9-Dec-09,15.52,15.54,15.12,15.18,25397825
8-Dec-09,15.45,15.90,15.23,15.45,31160553
7-Dec-09,15.36,15.65,15.32,15.45,18036602
4-Dec-09,15.32,15.38,15.00,15.19,17578467
3-Dec-09,15.33,15.38,15.10,15.11,17196452
2-Dec-09,15.17,15.50,15.16,15.31,17807755
1-Dec-09,15.03,15.19,14.85,15.13,17096457
30-Nov-09,14.90,15.10,14.80,14.97,17589238
27-Nov-09,15.04,15.09,14.88,15.00,11452844
26-Nov-09,15.30,15.30,15.30,15.30,0
25-Nov-09,15.29,15.35,15.17,15.30,21370526
24-Nov-09,15.38,15.49,15.20,15.24,19773958
23-Nov-09,15.58,15.65,15.34,15.45,24502832
20-Nov-09,15.60,15.74,15.36,15.38,16129962
19-Nov-09,15.83,15.85,15.52,15.61,26890975
18-Nov-09,16.02,16.13,15.84,15.98,12776236
17-Nov-09,15.89,16.11,15.73,16.05,22256204
16-Nov-09,16.08,16.19,15.92,16.07,26125285
13-Nov-09,16.04,16.10,15.92,15.93,26453749
12-Nov-09,16.10,16.28,15.97,16.00,10210238
11-Nov-09,16.00,16.16,15.92,16.09,16352278
10-Nov-09,16.08,16.36,16.01,16.04,24103570
9-Nov-09,16.13,16.19,15.97,16.02,14837481
6-Nov-09,15.89,16.03,15.76,15.94,13564585
5-Nov-09,15.80,16.00,15.74,15.90,27738669
4-Nov-09,15.90,15.90,15.66,15.69,18698223
3-Nov-09,15.71,15.78,15.63,15.70,17242904
2-Nov-09,15.75,15.90,15.59,15.85,15259155
30-Oct-09,16.06,16.37,15.80,15.90,22321660
29-Oct-09,16.19,16.38,15.74,16.13,39146661
28-Oct-09,16.69,16.77,16.02,16.04,25048248
27-Oct-09,16.69,16.87,16.35,16.69,19917748
26-Oct-09,17.05,17.20,16.67,16.87,21215853
23-Oct-09,17.71,17.75,17.09,17.22,17760359
22-Oct-09,17.54,17.75,17.30,17.67,16018021
21-Oct-09,17.98,18.02,17.57,17.66,46204426
20-Oct-09,17.37,17.41,16.87,17.17,38320395
19-Oct-09,16.80,17.29,16.70,17.22,17878001
16-Oct-09,16.61,16.85,16.40,16.81,20486260
15-Oct-09,16.84,16.89,16.46,16.52,24343376
14-Oct-09,16.93,17.03,16.82,16.95,17511688
13-Oct-09,16.95,17.00,16.81,16.88,19492421
12-Oct-09,16.96,17.11,16.66,16.75,16913600
9-Oct-09,17.43,17.48,16.84,16.87,29015624
8-Oct-09,17.63,17.86,17.54,17.58,27966814
7-Oct-09,17.22,17.49,17.15,17.49,12463817
6-Oct-09,16.96,17.35,16.95,17.30,21430235
5-Oct-09,16.85,17.12,16.66,16.80,22225889
2-Oct-09,17.23,17.35,16.78,16.84,32685224
1-Oct-09,17.65,17.72,17.20,17.39,24880103
30-Sep-09,17.48,17.94,17.24,17.81,39880782
29-Sep-09,17.50,17.66,17.21,17.45,31602212
28-Sep-09,16.98,17.47,16.95,17.47,26415897
25-Sep-09,16.80,17.15,16.75,17.08,20701373
24-Sep-09,17.31,17.32,16.65,16.89,26502552
23-Sep-09,17.10,17.60,16.97,17.20,36289226
22-Sep-09,17.17,17.22,16.75,16.86,30592801
21-Sep-09,17.23,17.23,16.96,17.04,26826877
18-Sep-09,17.70,17.70,16.85,17.39,86412574
17-Sep-09,17.00,17.79,16.96,17.50,62009941
16-Sep-09,16.57,17.11,16.52,16.99,53594701
15-Sep-09,16.01,16.49,15.87,16.41,64668146
14-Sep-09,15.45,15.58,15.28,15.57,19451186
11-Sep-09,15.53,15.68,15.41,15.59,26862553
10-Sep-09,15.28,15.63,15.15,15.45,49083235
9-Sep-09,14.45,14.86,14.42,14.78,19096259
8-Sep-09,14.65,14.66,14.37,14.49,17714746
4-Sep-09,14.26,14.64,14.23,14.50,17003839
3-Sep-09,14.36,14.43,14.16,14.28,14663635
2-Sep-09,14.08,14.33,13.97,14.23,23591415
1-Sep-09,14.50,14.68,14.15,14.18,30623369
31-Aug-09,14.74,14.80,14.56,14.61,15420443
28-Aug-09,14.98,15.08,14.80,14.85,33924252
27-Aug-09,14.92,15.00,14.71,14.93,30410988
26-Aug-09,15.09,15.14,14.86,14.93,15845241
25-Aug-09,15.12,15.21,14.94,15.07,22850538
24-Aug-09,14.89,15.19,14.83,14.99,26170903
21-Aug-09,14.88,14.96,14.73,14.79,23545970
20-Aug-09,14.75,14.90,14.70,14.77,15586211
19-Aug-09,14.58,14.91,14.55,14.79,15507192
18-Aug-09,14.64,14.78,14.56,14.75,14799689
17-Aug-09,14.69,14.78,14.51,14.56,29268240
14-Aug-09,14.98,15.14,14.85,15.04,28817005
13-Aug-09,14.74,15.07,14.61,15.04,40192992
12-Aug-09,14.47,14.76,14.41,14.68,24256175
10-Aug-09,14.66,14.68,14.49,14.63,18359171
7-Aug-09,14.86,14.90,14.56,14.62,28276698
6-Aug-09,14.76,14.86,14.63,14.74,35659431
5-Aug-09,14.76,14.91,14.61,14.67,50910089
4-Aug-09,14.44,14.68,14.37,14.51,43084746
3-Aug-09,14.56,14.62,14.30,14.34,43976838
31-Jul-09,14.72,14.89,14.29,14.32,62659854
30-Jul-09,15.13,15.14,14.24,14.60,100888920
29-Jul-09,16.00,16.20,15.05,15.14,126807667
28-Jul-09,16.97,17.49,16.52,17.22,36152567
27-Jul-09,17.37,17.48,16.85,17.00,19951723
24-Jul-09,17.43,17.59,17.02,17.48,19944657
23-Jul-09,17.41,17.68,17.16,17.36,37524869
22-Jul-09,16.19,17.48,16.12,17.37,53615437
21-Jul-09,17.05,17.11,16.44,16.75,33601771
20-Jul-09,17.18,17.43,16.65,17.01,27760787
17-Jul-09,16.75,16.91,16.45,16.84,32514656
16-Jul-09,15.80,16.25,15.78,16.19,21928540
15-Jul-09,15.23,15.74,15.15,15.71,18816735
14-Jul-09,15.07,15.22,14.98,15.18,13039836
13-Jul-09,14.95,15.06,14.64,15.01,13179573
10-Jul-09,14.78,15.18,14.75,14.93,23061132
9-Jul-09,14.48,14.68,14.25,14.55,15601730
8-Jul-09,14.44,14.69,14.22,14.38,15353613
7-Jul-09,14.92,14.93,14.36,14.44,22027011
6-Jul-09,14.83,14.93,14.55,14.91,13691597
3-Jul-09,14.99,14.99,14.99,14.99,0
2-Jul-09,15.24,15.28,14.88,14.99,16920572
1-Jul-09,15.49,15.69,15.35,15.41,12723625
30-Jun-09,15.85,15.90,15.35,15.66,16039642
29-Jun-09,15.86,16.01,15.60,15.90,12323984
26-Jun-09,15.60,15.80,15.48,15.74,26456759
25-Jun-09,15.44,15.67,15.24,15.53,19775031
24-Jun-09,14.76,15.60,14.76,15.45,30986117
23-Jun-09,14.75,14.90,14.55,14.68,15871209
22-Jun-09,15.55,15.61,14.71,14.71,26495683
19-Jun-09,15.50,15.84,15.40,15.80,20326040
18-Jun-09,15.62,15.64,15.23,15.34,16189293
17-Jun-09,15.91,16.03,15.46,15.60,16521210
16-Jun-09,16.33,16.38,15.90,15.96,15122429
15-Jun-09,16.56,16.68,16.13,16.40,23261700
12-Jun-09,16.17,16.47,16.10,16.40,16971672
11-Jun-09,16.26,16.46,16.15,16.19,15042278
10-Jun-09,16.70,16.72,16.10,16.32,15771103
9-Jun-09,16.23,16.50,16.18,16.40,13091109
8-Jun-09,16.47,16.49,16.04,16.19,13692513
5-Jun-09,16.77,16.99,16.30,16.64,17317653
4-Jun-09,16.40,16.71,16.04,16.65,19003422
3-Jun-09,16.50,16.50,15.67,16.30,26367679
2-Jun-09,16.60,16.75,16.25,16.62,15288130
1-Jun-09,16.17,16.65,16.13,16.58,27930696
29-May-09,15.19,15.84,15.11,15.84,29560527
28-May-09,15.09,15.24,14.69,15.09,19131516
27-May-09,15.27,15.53,14.88,14.94,19014266
26-May-09,14.68,15.44,14.67,15.28,19954446
22-May-09,14.89,15.17,14.75,14.98,19150470
21-May-09,14.92,15.12,14.62,14.87,15189453
20-May-09,15.08,15.31,14.80,14.96,15787480
19-May-09,15.06,15.34,15.02,15.18,13675966
18-May-09,15.10,15.18,14.74,15.17,18629457
15-May-09,15.00,15.10,14.86,14.91,22525850
14-May-09,14.50,14.86,14.40,14.76,20841712
13-May-09,14.92,14.95,14.50,14.52,23585317
12-May-09,15.50,15.50,14.90,15.10,31403299
11-May-09,14.90,15.83,14.81,15.54,39492329
8-May-09,14.88,15.30,14.70,15.15,22464694
7-May-09,15.03,15.10,14.38,14.80,24328416
6-May-09,14.80,15.00,14.52,14.85,19105745
5-May-09,14.55,14.99,14.18,14.74,35239690
4-May-09,14.20,14.25,13.96,14.18,25094513
1-May-09,14.50,14.50,13.91,14.14,23724750
30-Apr-09,14.12,14.60,14.12,14.29,25883251
29-Apr-09,13.70,14.35,13.70,14.02,16570838
28-Apr-09,13.74,14.05,13.60,13.64,18861105
27-Apr-09,14.48,14.55,13.88,13.89,22640555
24-Apr-09,14.79,14.94,14.36,14.73,25802914
23-Apr-09,14.56,14.74,14.11,14.55,32943107
22-Apr-09,14.62,15.39,14.41,14.48,65407723
21-Apr-09,13.94,14.59,13.71,14.38,54237647
20-Apr-09,14.16,14.25,13.60,13.66,13477019
17-Apr-09,14.43,14.52,14.03,14.39,19804602
16-Apr-09,14.15,14.53,14.05,14.43,19156404
15-Apr-09,13.93,14.09,13.77,14.02,12385282
14-Apr-09,14.40,14.42,14.00,14.07,15160649
13-Apr-09,14.02,14.54,13.86,14.42,35076505
10-Apr-09,13.47,13.47,13.47,13.47,0
9-Apr-09,13.14,13.59,13.07,13.47,17286715
8-Apr-09,12.90,13.01,12.75,12.92,11245081
7-Apr-09,13.00,13.10,12.68,12.81,12306396
6-Apr-09,13.08,13.24,12.99,13.23,11935651
3-Apr-09,12.95,13.39,12.78,13.34,17821128
2-Apr-09,13.04,13.14,12.80,12.95,28823034
1-Apr-09,12.70,13.12,12.60,12.75,14542683
31-Mar-09,12.76,13.10,12.67,12.81,12065933
30-Mar-09,12.92,13.14,12.51,12.70,16561739
27-Mar-09,13.17,13.61,13.12,13.18,22430236
26-Mar-09,13.55,13.61,13.00,13.35,24230289
25-Mar-09,13.69,13.88,13.35,13.55,16758515
24-Mar-09,13.98,14.02,13.56,13.61,17439714
23-Mar-09,13.79,14.12,13.62,14.09,18202651
20-Mar-09,13.63,13.87,13.51,13.60,22081704
19-Mar-09,13.68,14.14,13.60,13.74,25959109
18-Mar-09,13.81,13.95,13.23,13.42,26331039
17-Mar-09,13.35,14.04,13.22,13.99,17553386
16-Mar-09,13.66,13.66,13.20,13.22,19452380
13-Mar-09,13.58,13.64,13.27,13.51,12524502
12-Mar-09,13.35,13.60,13.10,13.60,16684508
11-Mar-09,13.31,13.50,13.03,13.39,17512327
10-Mar-09,12.81,13.40,12.75,13.23,22733789
9-Mar-09,12.85,13.45,12.55,12.66,23125091
6-Mar-09,12.60,13.18,12.52,13.05,30997807
5-Mar-09,12.77,13.07,12.48,12.53,18477409
4-Mar-09,12.72,13.49,12.51,13.16,24083874
3-Mar-09,12.79,12.87,12.31,12.50,16509694
2-Mar-09,12.85,12.97,12.47,12.58,20932695
27-Feb-09,12.66,13.33,12.61,13.23,20397659
26-Feb-09,12.88,13.39,12.74,12.98,26573957
25-Feb-09,12.45,12.79,12.30,12.48,16197381
24-Feb-09,12.57,12.86,12.27,12.75,22528906
23-Feb-09,12.20,12.35,11.83,11.97,16518466
20-Feb-09,11.90,12.27,11.75,12.14,16468507
19-Feb-09,12.35,12.59,11.93,11.98,12538054
18-Feb-09,12.12,12.53,12.07,12.22,12434257
17-Feb-09,12.31,12.58,12.01,12.02,15709768
13-Feb-09,12.67,12.99,12.59,12.84,11134047
12-Feb-09,12.50,12.66,12.14,12.66,15452612
11-Feb-09,12.87,12.91,12.38,12.63,13729006
10-Feb-09,13.54,13.90,12.72,12.75,24157045
9-Feb-09,13.59,14.00,13.47,13.90,15686194
6-Feb-09,13.41,13.84,13.20,13.63,17594185
5-Feb-09,12.93,13.52,12.85,13.51,17574570
4-Feb-09,12.67,13.23,12.55,13.00,22932775
3-Feb-09,12.30,12.71,12.01,12.68,18673128
2-Feb-09,11.50,12.32,11.49,12.15,21231852
30-Jan-09,11.86,12.15,11.51,11.73,21517068
29-Jan-09,12.02,12.24,11.73,11.74,24796263
28-Jan-09,12.23,12.38,11.92,12.24,37038661
27-Jan-09,11.20,11.37,10.85,11.34,33902972
26-Jan-09,11.26,11.28,10.81,11.17,16699773
23-Jan-09,10.90,11.55,10.86,11.32,15863989
22-Jan-09,11.35,11.51,10.90,11.28,17199517
21-Jan-09,11.17,11.59,11.08,11.59,15917576
20-Jan-09,11.72,11.80,11.01,11.01,18700653
16-Jan-09,11.87,11.97,11.44,11.59,24812398
15-Jan-09,12.32,12.35,11.22,11.61,26150129
14-Jan-09,12.26,12.53,11.81,12.41,24936727
13-Jan-09,12.09,12.79,11.78,12.10,25769365
12-Jan-09,13.09,13.10,12.08,12.22,19982579
9-Jan-09,13.42,13.56,12.90,13.13,19317389
8-Jan-09,12.37,13.07,12.31,13.07,14348008
7-Jan-09,12.71,13.16,12.45,12.71,25302285
6-Jan-09,12.96,13.24,12.88,13.00,10173926
5-Jan-09,12.72,13.01,12.39,12.86,12029058
2-Jan-09,12.17,12.85,12.12,12.85,10213787
1-Jan-09,12.20,12.20,12.20,12.20,0
31-Dec-08,11.95,12.30,11.92,12.20,9090875
30-Dec-08,11.91,12.00,11.72,11.97,7488864
29-Dec-08,12.46,12.46,11.45,11.88,10472129
26-Dec-08,12.30,12.38,12.18,12.34,3908236
25-Dec-08,12.32,12.32,12.32,12.32,0
24-Dec-08,12.41,12.48,12.29,12.32,2507850
23-Dec-08,12.47,12.65,12.25,12.42,7706839
22-Dec-08,13.03,13.08,12.00,12.35,12958323
19-Dec-08,12.92,13.32,12.72,13.03,17818719
18-Dec-08,13.13,13.27,12.70,12.72,15012415
17-Dec-08,13.00,13.43,12.83,13.11,12782927
16-Dec-08,12.88,13.48,12.88,13.36,18551653
15-Dec-08,13.10,13.29,12.55,12.73,20132017
12-Dec-08,12.31,13.23,12.15,13.15,25069562
11-Dec-08,13.16,13.36,12.57,12.73,27253771
10-Dec-08,12.67,13.57,12.35,13.40,48058085
9-Dec-08,11.90,12.54,11.77,12.19,28998182
8-Dec-08,12.17,12.49,11.79,12.20,33785147
5-Dec-08,10.96,11.70,10.62,11.66,20902155
4-Dec-08,11.38,11.48,10.70,11.05,18458289
3-Dec-08,11.12,11.50,10.74,11.50,24107924
2-Dec-08,10.81,12.50,10.50,11.50,46296302
1-Dec-08,11.82,11.98,10.73,10.74,26257579
28-Nov-08,10.76,11.59,10.65,11.51,12453526
27-Nov-08,10.58,10.58,10.58,10.58,0
26-Nov-08,9.93,10.58,9.92,10.58,13654705
25-Nov-08,10.12,10.20,9.83,10.07,17614807
24-Nov-08,9.56,10.27,9.42,10.21,22460258
21-Nov-08,9.28,9.48,8.95,9.39,29909652
20-Nov-08,9.10,10.01,8.94,8.95,37316961
19-Nov-08,11.54,11.58,9.07,9.14,57696967
18-Nov-08,11.93,12.40,11.00,11.55,51686506
17-Nov-08,10.50,10.94,10.32,10.63,14625723
14-Nov-08,10.84,11.50,10.63,10.82,19072373
13-Nov-08,10.32,11.17,9.76,11.15,25228350
12-Nov-08,11.01,11.34,10.02,10.34,29046620
11-Nov-08,11.56,11.67,11.06,11.35,33299442
10-Nov-08,12.37,12.40,11.57,11.87,16798879
7-Nov-08,12.45,12.50,11.65,12.20,45406800
6-Nov-08,14.84,14.89,13.75,13.96,41295900
5-Nov-08,13.21,14.84,13.15,13.92,70132400
4-Nov-08,13.05,13.49,12.84,13.35,24456900
3-Nov-08,12.74,12.89,12.55,12.75,9958700
31-Oct-08,13.09,13.36,12.71,12.82,23451500
30-Oct-08,12.53,13.18,12.25,12.93,25968200
29-Oct-08,12.20,12.61,11.92,12.14,21185700
28-Oct-08,11.89,12.40,11.25,12.36,22205300
27-Oct-08,11.82,12.19,11.50,11.58,16149300
24-Oct-08,11.31,12.33,11.31,12.10,26208800
23-Oct-08,12.15,12.70,11.55,12.65,27118500
22-Oct-08,12.36,12.84,12.35,12.39,33770300
21-Oct-08,12.62,12.74,12.04,12.07,24958100
20-Oct-08,13.03,13.03,12.33,12.86,23914700
17-Oct-08,12.88,13.50,12.68,12.90,38396500
16-Oct-08,11.90,13.73,11.37,12.99,7075200
15-Oct-08,12.49,12.55,11.75,11.75,27111500
14-Oct-08,13.78,13.93,12.37,12.65,26130200
13-Oct-08,13.14,13.51,12.56,13.49,25351100
10-Oct-08,12.22,12.92,11.96,12.29,37789300
9-Oct-08,13.90,13.90,12.47,12.65,40212000
8-Oct-08,13.80,14.58,13.20,13.76,31030700
7-Oct-08,15.19,15.49,14.53,14.58,27041300
6-Oct-08,15.27,16.07,14.55,15.31,42461700
3-Oct-08,15.81,16.44,15.75,16.00,25415500
2-Oct-08,16.77,16.85,15.54,15.58,23065200
1-Oct-08,17.17,17.31,16.80,16.96,13535700
30-Sep-08,17.15,17.62,17.00,17.30,17753100
29-Sep-08,18.77,18.92,16.88,16.88,36630100
26-Sep-08,18.75,19.25,18.65,18.92,14605400
25-Sep-08,19.09,19.56,18.97,19.20,14178300
24-Sep-08,18.90,19.19,18.82,19.15,12553800
23-Sep-08,18.71,19.13,18.67,18.93,19519200
22-Sep-08,19.60,19.60,18.64,18.68,16645200
19-Sep-08,20.58,20.79,19.27,19.89,31015400
18-Sep-08,18.79,20.82,18.49,20.82,36341400
17-Sep-08,18.97,19.08,18.20,18.82,28466900
16-Sep-08,18.25,19.35,18.24,19.26,33149400
15-Sep-08,18.27,19.14,18.25,18.85,32321000
12-Sep-08,18.43,19.17,18.34,19.08,21091600
11-Sep-08,17.40,18.57,17.33,18.55,27495200
10-Sep-08,17.63,17.79,17.25,17.70,19333900
9-Sep-08,18.14,18.19,17.53,17.58,25066800
8-Sep-08,18.33,18.37,17.87,18.26,16223200
5-Sep-08,17.92,18.34,17.80,18.08,16848000
4-Sep-08,18.71,18.81,17.75,17.75,23751500
3-Sep-08,18.85,19.00,18.70,18.76,11468300
2-Sep-08,19.63,19.77,18.74,18.75,16635700
29-Aug-08,19.54,19.60,19.28,19.38,10508800
28-Aug-08,19.48,19.76,19.38,19.65,11562100
27-Aug-08,19.08,19.45,18.93,19.37,9228500
26-Aug-08,19.12,19.20,19.00,19.09,8556500
25-Aug-08,19.34,19.40,19.05,19.09,13510300
22-Aug-08,19.11,19.68,19.10,19.53,10793000
21-Aug-08,19.06,19.18,18.86,19.11,16715000
20-Aug-08,19.57,19.65,19.10,19.17,16192400
19-Aug-08,19.78,19.91,19.41,19.42,12614400
18-Aug-08,20.47,20.52,19.66,19.73,13532900
15-Aug-08,20.27,20.82,20.27,20.44,14768600
14-Aug-08,20.20,20.57,20.14,20.28,11006200
13-Aug-08,20.33,20.48,20.06,20.36,11880800
12-Aug-08,20.21,20.60,20.04,20.43,13732700
11-Aug-08,19.89,20.28,19.65,20.26,12705300
8-Aug-08,20.19,20.19,19.87,19.90,13428400
7-Aug-08,19.80,20.25,19.64,20.19,13844700
6-Aug-08,19.77,20.18,19.53,20.00,14633300
5-Aug-08,19.70,19.91,19.53,19.82,14147800
4-Aug-08,19.77,19.77,19.21,19.38,13943900
1-Aug-08,20.09,20.12,19.53,19.80,19654700
31-Jul-08,19.89,20.15,19.85,19.89,16493700
30-Jul-08,20.18,20.18,19.96,20.03,24816700
29-Jul-08,20.01,20.34,19.68,20.15,15878200
28-Jul-08,20.99,21.17,20.06,20.12,13543100
25-Jul-08,20.55,21.19,20.28,21.13,19687300
24-Jul-08,20.61,21.06,20.05,20.53,24044300
23-Jul-08,21.91,22.48,20.00,20.39,43758200
22-Jul-08,21.39,21.70,20.85,21.40,26301300
21-Jul-08,21.66,22.19,21.65,21.67,21666300
18-Jul-08,22.55,22.55,21.86,22.45,21035900
17-Jul-08,23.49,23.49,22.41,22.44,30050600
16-Jul-08,21.70,22.60,21.59,22.48,20320600
15-Jul-08,21.79,22.08,21.18,21.54,24938800
14-Jul-08,23.12,23.24,22.22,22.57,22339100
11-Jul-08,23.00,23.89,22.64,23.57,22473800
10-Jul-08,23.76,24.10,23.04,23.50,17447100
9-Jul-08,24.74,24.80,23.82,23.82,20826200
8-Jul-08,23.83,24.66,23.81,24.64,32595200
7-Jul-08,23.40,24.25,22.92,23.91,78338700
3-Jul-08,21.35,21.75,21.03,21.35,21444700
2-Jul-08,21.89,21.90,20.67,20.88,51339800
1-Jul-08,20.48,20.49,19.59,20.20,36174200
30-Jun-08,21.12,21.20,20.60,20.66,15960000
27-Jun-08,21.29,21.46,20.70,21.33,24731900
26-Jun-08,21.59,21.89,21.28,21.37,23258600
25-Jun-08,22.00,22.24,21.86,22.01,19070900
24-Jun-08,21.17,23.71,20.60,22.04,84633300
23-Jun-08,22.07,22.12,21.30,21.45,29596300
20-Jun-08,22.49,22.53,21.90,21.99,32866800
19-Jun-08,22.78,22.87,22.37,22.73,18523700
18-Jun-08,23.22,23.22,22.63,22.91,14028700
17-Jun-08,23.58,23.58,22.90,23.25,22487400
16-Jun-08,22.95,23.58,22.71,23.54,44416600
13-Jun-08,22.82,23.48,21.75,23.47,15041200
12-Jun-08,26.33,26.33,22.50,23.52,20761100
11-Jun-08,26.42,26.46,26.00,26.15,13101200
10-Jun-08,26.32,26.58,26.25,26.40,11682100
9-Jun-08,26.50,26.86,26.10,26.58,17139700
6-Jun-08,26.50,27.08,26.03,26.44,37258000
5-Jun-08,26.46,26.64,25.97,26.36,29752400
4-Jun-08,26.25,27.05,26.16,26.85,29472700
3-Jun-08,26.36,26.60,25.78,26.15,25241700
2-Jun-08,26.80,26.81,26.03,26.40,26004100
30-May-08,27.07,27.10,26.63,26.76,17474600
29-May-08,27.34,27.36,27.00,27.07,17750400
28-May-08,27.42,27.48,26.95,27.16,20067700
27-May-08,27.50,27.63,26.98,27.00,19731400
23-May-08,27.48,27.74,27.26,27.72,23504100
22-May-08,27.30,27.61,26.95,27.53,18361500
21-May-08,27.34,27.95,26.80,27.33,37726800
20-May-08,27.68,28.20,27.32,27.48,28810500
19-May-08,27.90,28.33,27.42,27.68,47851900
16-May-08,27.73,27.95,27.41,27.66,52549000
15-May-08,27.54,27.98,26.85,27.75,76036200
14-May-08,26.95,27.36,26.20,27.14,61304800
13-May-08,25.15,26.84,24.39,26.56,80191500
12-May-08,25.80,25.88,25.02,25.26,40932500
9-May-08,26.01,26.19,25.75,25.93,29623700
8-May-08,25.66,26.44,25.51,26.22,59741800
7-May-08,25.57,25.71,25.03,25.64,83140300
6-May-08,25.54,26.25,24.20,25.72,68337100
5-May-08,23.05,24.93,22.97,24.37,42047200
2-May-08,27.65,29.73,27.21,28.67,76574600
1-May-08,27.69,28.34,26.50,26.82,51110900
30-Apr-08,27.17,27.78,26.76,27.41,28284800
29-Apr-08,26.35,27.48,25.81,27.36,36252100
28-Apr-08,27.00,27.09,26.25,26.43,20319700
25-Apr-08,26.85,26.93,26.08,26.80,48859200
24-Apr-08,28.01,28.08,27.24,27.30,25444400
23-Apr-08,28.24,28.35,27.71,28.08,30443300
22-Apr-08,28.73,28.88,28.44,28.54,24586100
21-Apr-08,28.52,28.68,28.22,28.55,18125100
18-Apr-08,28.44,28.67,28.17,28.43,24872100
17-Apr-08,28.40,28.40,27.96,28.03,9765000
16-Apr-08,28.11,28.40,28.11,28.31,9153700
15-Apr-08,28.05,28.25,27.77,28.17,11980100
14-Apr-08,28.18,28.34,27.79,27.80,13195300
11-Apr-08,28.41,28.61,28.09,28.34,18258500
10-Apr-08,28.39,28.69,28.28,28.59,29664700
9-Apr-08,27.80,27.95,27.13,27.77,21706900
8-Apr-08,27.72,27.82,27.49,27.70,17715400
7-Apr-08,27.80,28.15,27.57,27.70,27740100
4-Apr-08,28.00,28.45,27.59,28.36,20423800
3-Apr-08,27.65,28.22,27.58,28.13,14377500
2-Apr-08,28.57,28.60,27.49,27.82,29404600
1-Apr-08,28.07,28.62,28.02,28.50,19439200
31-Mar-08,28.56,29.12,28.27,28.93,16845800
28-Mar-08,28.32,29.09,28.15,28.99,33723800
27-Mar-08,28.49,28.50,27.90,28.09,15404300
26-Mar-08,28.63,28.78,28.19,28.49,14448200
25-Mar-08,28.14,28.75,27.70,28.73,30415600
24-Mar-08,27.56,28.07,27.45,27.52,17142500
20-Mar-08,27.36,27.91,26.98,27.66,28373700
19-Mar-08,27.56,27.79,26.91,27.07,22866600
18-Mar-08,26.94,27.72,26.25,27.66,36740200
17-Mar-08,26.50,26.64,25.72,25.85,32794000
14-Mar-08,27.85,27.96,26.50,26.71,43693200
13-Mar-08,28.07,28.27,27.38,27.50,74654600
12-Mar-08,28.89,29.02,28.39,28.45,17317800
11-Mar-08,28.91,29.16,28.43,29.00,21850500
10-Mar-08,28.87,28.98,28.51,28.51,28430300
7-Mar-08,28.58,29.18,28.50,29.03,28017300
6-Mar-08,28.64,28.98,28.44,28.70,33239600
5-Mar-08,28.00,28.78,28.00,28.67,28602000
4-Mar-08,27.80,28.07,27.43,28.06,27994000
3-Mar-08,27.73,28.08,27.66,27.77,22566200
29-Feb-08,27.94,28.41,27.50,27.78,23530500
28-Feb-08,27.98,28.82,27.96,28.15,28444900
27-Feb-08,28.33,28.49,27.75,28.37,27536300
26-Feb-08,27.93,28.55,27.81,28.22,25540500
25-Feb-08,28.42,28.57,27.75,28.13,32373200
22-Feb-08,28.36,28.64,27.98,28.42,25632800
21-Feb-08,28.76,29.17,28.25,28.42,32406900
20-Feb-08,28.71,29.04,28.39,28.83,28821900
19-Feb-08,29.34,29.42,28.75,29.01,37260600
15-Feb-08,29.94,30.15,29.43,29.66,38717100
14-Feb-08,29.98,30.25,29.75,29.98,37393700
13-Feb-08,29.78,30.07,29.60,29.88,55684900
12-Feb-08,29.81,29.84,29.40,29.57,41304800
11-Feb-08,29.89,30.05,29.32,29.87,62475100
8-Feb-08,28.98,29.22,28.71,29.20,54916900
7-Feb-08,28.63,29.19,28.60,29.04,43825400
6-Feb-08,29.11,29.33,28.53,28.57,52525500
5-Feb-08,28.78,29.57,28.75,28.98,66785600
4-Feb-08,28.33,29.50,28.33,29.33,33515600
1-Feb-08,28.68,29.83,27.34,28.38,47425500
31-Jan-08,18.87,19.35,18.72,19.18,39872800
30-Jan-08,18.62,20.81,18.58,19.05,5909500
29-Jan-08,20.87,20.90,20.05,20.81,56397300
28-Jan-08,21.56,21.90,20.42,20.78,31730100
25-Jan-08,22.24,22.37,21.32,21.94,27749600
24-Jan-08,20.44,21.75,20.42,21.69,39134200
23-Jan-08,19.25,20.34,18.72,20.01,40304000
22-Jan-08,19.29,21.03,19.26,19.92,36993100
18-Jan-08,21.27,21.61,20.07,20.78,40832700
17-Jan-08,22.00,22.17,21.14,21.22,28100900
16-Jan-08,22.20,22.75,21.73,21.95,37570200
15-Jan-08,23.00,23.48,22.57,22.91,31196800
14-Jan-08,23.51,23.76,23.18,23.70,18104000
11-Jan-08,23.81,24.13,22.98,23.36,26430500
10-Jan-08,23.19,24.57,22.83,24.09,48128300
9-Jan-08,22.47,22.80,21.37,22.56,46069500
8-Jan-08,23.28,23.65,22.50,22.61,21823000
7-Jan-08,23.12,23.56,22.73,23.18,22388000
4-Jan-08,23.81,23.81,23.10,23.16,20199200
3-Jan-08,23.86,24.19,23.70,23.84,19833900
2-Jan-08,23.80,24.15,23.60,23.72,24334400
31-Dec-07,23.22,23.43,23.11,23.26,14328100
28-Dec-07,23.66,23.71,23.21,23.45,13393700
27-Dec-07,23.60,24.15,23.57,23.71,15744300
26-Dec-07,23.85,24.25,23.85,23.96,9464500
24-Dec-07,24.01,24.19,23.94,24.05,7950300
21-Dec-07,23.88,24.10,23.74,24.01,22568300
20-Dec-07,23.50,23.80,23.24,23.64,20387600
19-Dec-07,22.92,23.69,22.92,23.31,26422500
18-Dec-07,23.22,23.35,22.80,23.02,27345200
17-Dec-07,23.80,24.03,22.94,23.04,35062400
14-Dec-07,24.13,24.47,24.00,24.06,14988200
13-Dec-07,24.39,24.75,24.19,24.38,23473300
12-Dec-07,24.82,25.00,24.11,24.54,13523800
11-Dec-07,25.15,25.65,24.36,24.47,28161200
10-Dec-07,25.51,25.57,24.92,25.20,25401500
7-Dec-07,25.86,26.11,25.50,25.63,11306200
6-Dec-07,25.88,26.02,25.39,25.96,18284100
5-Dec-07,26.63,26.73,25.73,25.98,20840300
4-Dec-07,26.14,26.73,26.11,26.42,14344900
3-Dec-07,26.64,27.20,26.56,26.61,15141100
30-Nov-07,26.96,27.33,26.51,26.81,23035600
29-Nov-07,26.01,26.71,25.91,26.63,17685100
28-Nov-07,26.03,26.70,25.93,26.20,22462700
27-Nov-07,25.18,26.00,25.17,25.59,19047000
26-Nov-07,26.08,26.25,25.20,25.22,23944300
23-Nov-07,25.98,26.40,25.76,26.13,9016400
21-Nov-07,26.11,26.58,25.52,25.71,22899200
20-Nov-07,26.93,27.25,25.98,26.72,25363900
19-Nov-07,27.11,27.35,26.35,26.76,32136400
16-Nov-07,25.66,27.13,25.10,26.82,51775000
15-Nov-07,24.94,25.75,24.90,25.42,27156000
14-Nov-07,26.42,26.44,25.00,25.07,37137900
13-Nov-07,25.53,26.24,25.30,26.10,33435300
12-Nov-07,25.80,26.20,24.69,24.78,30782500
9-Nov-07,26.13,26.38,25.40,25.79,44810800
8-Nov-07,28.11,28.24,25.82,26.70,57352100
7-Nov-07,29.27,29.30,27.56,27.63,55387900
6-Nov-07,31.76,31.79,29.00,29.93,59764400
5-Nov-07,30.71,32.37,30.35,31.36,42039500
2-Nov-07,30.54,31.21,29.64,31.11,33595000
1-Nov-07,30.85,31.10,30.04,30.22,26208400
31-Oct-07,31.50,31.75,30.50,31.10,33723500
30-Oct-07,31.55,31.64,30.12,30.83,51143600
29-Oct-07,34.07,34.08,31.18,31.79,79596700
26-Oct-07,32.43,33.99,31.61,33.63,64227900
25-Oct-07,30.75,31.62,30.50,31.34,38299800
24-Oct-07,30.68,30.98,30.00,30.68,33314900
23-Oct-07,30.12,30.88,30.03,30.64,44168100
22-Oct-07,28.93,30.00,28.80,29.85,26276000
19-Oct-07,29.36,29.96,28.85,29.03,41002200
18-Oct-07,28.59,29.60,28.47,29.35,27127300
17-Oct-07,29.10,29.20,28.00,28.82,68565900
16-Oct-07,27.37,27.48,26.55,26.69,39646800
15-Oct-07,28.32,28.40,27.46,27.86,21492500
12-Oct-07,27.76,28.51,27.65,28.48,20806900
11-Oct-07,28.44,28.68,27.50,27.65,24946100
10-Oct-07,28.43,28.70,27.90,28.36,14496900
9-Oct-07,28.35,28.76,27.94,28.37,19359200
8-Oct-07,28.01,28.17,27.75,28.05,14726800
5-Oct-07,27.78,28.16,27.75,27.88,26876000
4-Oct-07,27.19,27.29,26.90,27.15,13902100
3-Oct-07,27.16,27.38,26.82,27.17,17453100
2-Oct-07,27.20,27.24,26.62,26.95,14411600
1-Oct-07,26.76,27.10,26.73,27.04,16434200
28-Sep-07,26.49,26.89,26.20,26.84,21052000
27-Sep-07,26.95,26.95,26.17,26.27,20048700
26-Sep-07,26.70,27.07,26.50,26.70,17847200
25-Sep-07,25.70,26.65,25.63,26.51,32250000
24-Sep-07,26.13,26.40,25.51,25.73,25550600
21-Sep-07,25.54,26.21,25.29,26.05,43986700
20-Sep-07,25.28,25.61,25.16,25.29,16617500
19-Sep-07,25.09,25.37,24.81,25.29,25084400
18-Sep-07,25.06,25.21,24.53,25.06,22545700
17-Sep-07,24.50,25.10,24.38,24.95,19933900
14-Sep-07,23.69,25.00,23.65,24.73,27958700
13-Sep-07,23.60,23.96,23.60,23.72,9869200
12-Sep-07,23.64,23.94,23.53,23.56,16407000
11-Sep-07,23.31,23.84,23.31,23.71,10965400
10-Sep-07,23.85,23.85,23.10,23.30,14811700
7-Sep-07,23.76,24.05,23.60,23.76,11930500
6-Sep-07,24.22,24.32,23.62,24.15,13595800
5-Sep-07,24.10,24.40,23.91,24.10,22440300
4-Sep-07,23.30,24.50,23.20,23.97,41495600
31-Aug-07,22.81,22.83,22.51,22.73,11613600
30-Aug-07,22.49,22.91,22.38,22.61,17836200
29-Aug-07,22.60,22.69,22.27,22.55,23588800
28-Aug-07,22.95,23.10,22.50,22.52,16982200
27-Aug-07,23.59,23.76,23.01,23.03,16278400
24-Aug-07,23.03,23.73,23.03,23.59,10671900
23-Aug-07,23.35,23.36,22.95,23.13,14200200
22-Aug-07,23.22,23.52,23.18,23.23,17700000
21-Aug-07,23.25,23.48,22.91,23.04,23740000
20-Aug-07,23.64,23.74,23.18,23.34,12937200
17-Aug-07,23.26,23.63,22.76,23.54,18975400
16-Aug-07,23.00,23.15,22.50,22.76,28733900
15-Aug-07,23.56,24.00,23.25,23.32,18261500
14-Aug-07,24.69,24.70,23.69,23.72,18379800
13-Aug-07,24.21,24.74,24.01,24.57,20421900
10-Aug-07,23.93,24.22,23.52,23.94,22532400
9-Aug-07,23.67,24.45,23.51,23.80,23636300
8-Aug-07,23.46,23.87,23.43,23.87,16726100
7-Aug-07,22.75,23.70,22.69,23.44,19758100
6-Aug-07,23.03,23.15,22.44,22.97,28633600
3-Aug-07,23.20,23.39,22.87,22.92,19025400
2-Aug-07,22.65,23.70,22.65,23.36,20532200
1-Aug-07,23.17,23.40,22.85,23.25,21816700
31-Jul-07,23.88,23.93,23.24,23.25,20685200
30-Jul-07,23.55,23.88,23.38,23.62,20445500
27-Jul-07,23.98,24.49,23.47,23.49,35232900
26-Jul-07,24.40,24.49,23.62,24.03,32982200
25-Jul-07,25.01,25.32,24.59,24.68,21724800
24-Jul-07,24.80,25.34,24.73,24.84,28445300
23-Jul-07,25.43,25.46,24.98,24.99,20417700
20-Jul-07,25.70,25.89,25.20,25.35,35051500
19-Jul-07,26.32,26.34,25.92,26.03,28823000
18-Jul-07,26.07,26.72,26.02,26.20,60976900
17-Jul-07,26.74,27.80,26.70,27.53,43227100
16-Jul-07,26.48,26.74,26.13,26.70,29783900
13-Jul-07,26.87,26.97,26.50,26.58,18035300
12-Jul-07,26.70,26.97,26.34,26.96,19864600
11-Jul-07,27.03,27.05,26.55,26.69,21571300
10-Jul-07,27.09,27.57,26.96,26.97,24018600
9-Jul-07,26.92,27.33,26.82,27.20,17233400
6-Jul-07,27.01,27.14,26.93,27.10,11314500
5-Jul-07,26.92,27.14,26.90,26.99,15734600
3-Jul-07,26.95,27.25,26.90,27.00,11344100
2-Jul-07,27.19,27.27,26.76,26.86,20147200
29-Jun-07,27.21,27.38,26.93,27.13,13526100
28-Jun-07,27.44,27.49,27.12,27.25,16782300
27-Jun-07,27.51,27.66,27.40,27.58,13558500
26-Jun-07,27.73,28.18,27.36,27.71,24742800
25-Jun-07,27.60,27.77,27.34,27.64,20455100
22-Jun-07,27.68,27.79,27.31,27.38,27540600
21-Jun-07,27.69,27.94,27.55,27.67,17117000
20-Jun-07,27.89,28.17,27.66,27.66,32494300
19-Jun-07,29.40,29.40,27.54,27.63,56118000
18-Jun-07,27.72,28.34,27.50,28.12,55355400
15-Jun-07,27.49,27.52,27.19,27.31,23127500
14-Jun-07,27.38,27.64,27.15,27.30,18394900
13-Jun-07,27.12,27.41,26.61,27.38,31002500
12-Jun-07,27.30,27.66,26.98,27.05,21460300
11-Jun-07,27.27,27.52,27.15,27.35,11759300
8-Jun-07,27.02,27.45,26.96,27.39,18256100
7-Jun-07,27.34,27.73,26.98,26.98,33867000
6-Jun-07,28.05,28.11,27.30,27.44,33096600
5-Jun-07,28.40,28.59,28.10,28.23,20147500
4-Jun-07,28.60,28.78,28.40,28.59,13231000
1-Jun-07,28.90,29.13,28.61,28.78,11946900
31-May-07,28.76,28.85,28.49,28.70,14944600
30-May-07,28.19,28.38,28.00,28.38,15358500
29-May-07,28.36,28.73,28.20,28.40,13641300
25-May-07,28.44,28.73,28.34,28.58,10109100
24-May-07,28.65,28.88,28.25,28.41,18580600
23-May-07,29.10,29.37,28.53,28.61,27540600
22-May-07,29.33,29.35,28.78,28.92,18009400
21-May-07,29.62,29.86,29.32,29.35,17035700
18-May-07,28.90,29.80,28.78,29.75,33286400
17-May-07,28.99,29.13,28.49,28.57,22818200
16-May-07,28.89,29.37,28.25,29.21,32343100
15-May-07,29.16,29.42,28.75,28.81,21097700
14-May-07,29.79,30.00,29.08,29.31,19583900
11-May-07,29.62,30.08,29.53,30.05,12738000
10-May-07,30.52,30.69,29.61,29.70,24663100
9-May-07,30.16,30.44,29.95,30.22,21975000
8-May-07,30.24,31.10,30.21,30.41,27704200
7-May-07,30.13,30.98,29.86,30.38,38528200
4-May-07,33.27,33.61,29.58,30.98,98243400
3-May-07,28.25,28.50,28.01,28.18,19735200
2-May-07,27.72,28.26,27.72,28.12,16297400
1-May-07,28.25,28.35,27.53,27.60,17545700
30-Apr-07,28.32,28.50,28.00,28.04,16789400
27-Apr-07,28.35,28.86,28.17,28.34,20613600
26-Apr-07,27.98,28.65,27.73,28.49,31876400
25-Apr-07,28.22,28.27,27.68,28.06,34594400
24-Apr-07,28.03,28.26,27.69,28.02,25198100
23-Apr-07,27.53,28.14,27.37,27.88,26369600
20-Apr-07,27.86,27.86,27.37,27.46,37696400
19-Apr-07,28.10,28.23,27.46,27.51,44950300
18-Apr-07,28.42,28.90,27.89,28.31,21868200
17-Apr-07,31.98,32.14,31.71,32.09,27662700
16-Apr-07,31.68,31.79,31.24,31.61,13760400
13-Apr-07,31.15,31.50,30.96,31.41,11122500
12-Apr-07,31.26,31.42,31.10,31.21,13185100
11-Apr-07,31.65,31.73,30.90,31.17,15782900
10-Apr-07,31.64,32.02,31.60,31.69,12471400
9-Apr-07,32.01,32.24,31.60,31.64,12009400
5-Apr-07,32.00,32.09,31.72,31.96,13630000
4-Apr-07,31.61,31.87,31.48,31.62,7461900
3-Apr-07,31.41,32.00,31.41,31.72,11998500
2-Apr-07,31.22,31.40,30.93,31.28,8565000
30-Mar-07,31.21,31.60,31.02,31.29,9022800
29-Mar-07,31.71,31.73,30.83,31.34,12586100
28-Mar-07,31.45,31.70,31.25,31.41,12783900
27-Mar-07,31.56,31.66,31.24,31.55,8947500
26-Mar-07,31.25,31.74,31.24,31.66,12519000
23-Mar-07,31.33,31.70,31.16,31.36,12542000
22-Mar-07,31.36,31.44,30.85,31.26,12337000
21-Mar-07,30.33,31.39,30.21,31.29,25697600
20-Mar-07,30.00,30.35,29.94,30.33,11808700
19-Mar-07,30.00,30.19,29.92,30.03,9726100
16-Mar-07,30.02,30.11,29.72,29.88,19002500
15-Mar-07,29.81,30.07,29.78,30.06,13668100
14-Mar-07,29.63,30.04,29.26,29.86,22854200
13-Mar-07,29.77,30.24,29.42,29.56,17772600
12-Mar-07,29.30,30.11,29.28,29.99,33546300
9-Mar-07,29.85,30.15,28.79,29.12,65503200
8-Mar-07,30.82,31.04,30.58,30.71,13531700
7-Mar-07,30.95,31.03,30.33,30.39,15706500
6-Mar-07,30.89,31.06,30.52,30.80,32698000
5-Mar-07,30.18,31.90,30.14,30.31,20424800
2-Mar-07,30.54,30.89,30.28,30.42,18040700
1-Mar-07,30.13,31.23,30.00,30.86,23866500
28-Feb-07,30.86,31.47,30.09,30.86,29812900
27-Feb-07,31.38,31.64,30.24,30.95,30784800
26-Feb-07,32.84,32.84,30.85,32.12,27484600
23-Feb-07,31.60,32.18,31.41,32.10,21233200
22-Feb-07,31.60,32.08,31.32,31.60,15410300
21-Feb-07,31.74,31.77,31.22,31.65,27492400
20-Feb-07,31.80,32.21,31.39,32.01,19697800
16-Feb-07,31.00,32.00,31.00,31.91,36661100
15-Feb-07,30.82,31.65,30.69,31.25,27831800
14-Feb-07,29.69,30.86,29.64,30.66,30569800
13-Feb-07,29.37,29.68,29.26,29.56,12586400
12-Feb-07,29.29,29.77,29.05,29.17,18245000
9-Feb-07,30.07,30.16,29.51,29.74,18114500
8-Feb-07,29.75,30.24,29.73,30.08,15485600
7-Feb-07,29.35,30.15,29.12,29.89,28805500
6-Feb-07,28.61,29.56,28.60,29.35,24433400
5-Feb-07,28.67,28.80,28.36,28.56,11102800
2-Feb-07,28.57,28.92,28.45,28.77,16137000
1-Feb-07,28.68,28.71,28.15,28.35,17568200
31-Jan-07,28.04,28.48,27.82,28.31,13891200
30-Jan-07,27.87,28.39,27.61,28.04,13428500
29-Jan-07,28.05,28.21,27.73,27.87,16797400
26-Jan-07,28.32,28.52,27.96,28.04,19661800
25-Jan-07,28.68,29.05,28.13,28.21,27822900
24-Jan-07,28.34,29.20,28.22,28.94,75434500
23-Jan-07,27.42,27.54,26.88,26.96,28453700
22-Jan-07,27.85,27.90,27.18,27.42,22444700
19-Jan-07,27.93,28.34,27.55,27.64,24649400
18-Jan-07,28.92,28.99,27.82,28.12,23720200
17-Jan-07,29.40,29.40,28.81,29.05,17666900
16-Jan-07,29.88,29.88,28.79,29.29,24343800
12-Jan-07,28.98,29.50,28.49,29.45,20898800
11-Jan-07,28.76,29.37,28.70,29.20,28156300
10-Jan-07,27.48,28.92,27.44,28.70,39472600
9-Jan-07,28.00,28.05,27.41,27.58,25507900
8-Jan-07,27.70,28.04,27.43,27.92,25567600
5-Jan-07,26.70,27.87,26.66,27.74,64076600
4-Jan-07,25.64,26.92,25.52,26.85,32348900
3-Jan-07,25.85,26.26,25.26,25.61,26177100
29-Dec-06,25.42,25.82,25.33,25.54,16171100
28-Dec-06,25.62,25.72,25.30,25.36,11846000
27-Dec-06,25.47,25.88,25.45,25.75,12240600
26-Dec-06,25.49,25.61,25.34,25.45,8375400
22-Dec-06,25.67,25.88,25.45,25.55,14437300
21-Dec-06,25.71,25.75,25.13,25.48,26831500
20-Dec-06,26.24,26.31,25.54,25.59,24317700
19-Dec-06,26.05,26.50,25.91,26.41,18722400
18-Dec-06,26.89,26.97,26.07,26.30,19147600
15-Dec-06,27.00,27.22,26.76,26.90,22642500
14-Dec-06,26.63,26.97,26.50,26.87,14322500
13-Dec-06,27.04,27.23,26.51,26.60,20193600
12-Dec-06,26.63,27.38,26.60,26.75,30994100
11-Dec-06,26.37,26.70,26.12,26.49,12861200
8-Dec-06,26.65,26.78,26.27,26.34,19112400
7-Dec-06,26.95,27.16,26.60,26.63,22321300
6-Dec-06,27.25,27.45,26.60,26.86,33866400
5-Dec-06,26.86,27.61,26.86,27.43,26864700
4-Dec-06,26.49,27.30,26.49,26.89,27757300
1-Dec-06,27.00,27.25,26.00,26.49,19842600
30-Nov-06,27.00,27.15,26.73,27.01,14720800
29-Nov-06,27.40,27.40,26.71,27.04,19228400
28-Nov-06,27.02,27.24,26.85,27.00,14785300
27-Nov-06,27.50,28.50,27.17,27.27,19836000
24-Nov-06,28.22,28.49,27.70,28.03,9319800
22-Nov-06,27.51,28.56,27.29,28.49,31756800
21-Nov-06,26.50,27.34,26.50,27.14,21053700
20-Nov-06,26.96,27.04,26.63,26.72,19795800
17-Nov-06,26.68,27.05,26.63,26.91,17380800
16-Nov-06,27.31,27.33,26.20,26.64,38259500
15-Nov-06,27.18,27.50,27.03,27.15,21794200
14-Nov-06,27.40,27.50,27.11,27.24,19922100
13-Nov-06,27.17,27.62,27.15,27.40,16762300
10-Nov-06,27.40,27.50,27.03,27.39,20149600
9-Nov-06,27.18,27.65,26.96,27.45,27175900
8-Nov-06,26.36,27.25,26.31,26.90,23282100
7-Nov-06,26.68,27.15,26.58,26.61,27746400
6-Nov-06,26.34,26.70,26.10,26.59,22476500
3-Nov-06,26.62,26.70,26.04,26.18,15111100
2-Nov-06,25.94,26.60,25.77,26.53,34095100
1-Nov-06,26.50,26.62,25.82,25.99,25987000
31-Oct-06,26.44,26.70,26.10,26.34,32871200
30-Oct-06,25.87,26.40,25.66,25.95,34231500
27-Oct-06,25.23,25.60,24.90,25.34,29378200
26-Oct-06,24.70,25.33,24.36,25.28,38107000
25-Oct-06,23.73,24.64,23.69,24.49,39805100
24-Oct-06,23.34,23.64,23.15,23.53,31089600
23-Oct-06,23.14,23.50,23.10,23.37,26108600
20-Oct-06,23.22,23.27,22.65,23.21,49572600
19-Oct-06,23.02,23.59,23.00,23.14,41511500
18-Oct-06,24.57,24.75,22.88,22.99,5183600
17-Oct-06,23.74,24.35,23.68,24.15,49405600
16-Oct-06,24.34,24.52,23.75,24.18,36025300
13-Oct-06,23.90,24.50,23.57,24.42,50548400
12-Oct-06,24.32,24.38,24.10,24.12,25505200
11-Oct-06,24.29,24.64,23.80,24.24,38866100
10-Oct-06,24.94,25.03,24.32,24.47,30179300
9-Oct-06,25.45,25.72,25.00,25.03,15479200
6-Oct-06,25.09,25.50,25.01,25.47,20791400
5-Oct-06,25.16,25.25,24.88,25.18,17560800
4-Oct-06,24.89,25.26,24.74,25.21,21502900
3-Oct-06,24.80,25.00,24.70,24.84,20916100
2-Oct-06,25.45,25.46,24.75,24.88,19438600
29-Sep-06,25.50,25.59,25.24,25.28,18701500
28-Sep-06,24.87,25.50,24.84,25.33,35206900
27-Sep-06,25.00,25.01,24.60,24.65,28936800
26-Sep-06,25.44,25.48,24.81,25.05,34668600
25-Sep-06,25.64,25.87,25.20,25.29,19843600
22-Sep-06,25.33,25.69,25.18,25.52,20314800
21-Sep-06,25.53,25.95,25.21,25.34,28007600
20-Sep-06,26.04,26.09,25.38,25.64,55135400
19-Sep-06,29.09,29.13,25.10,25.75,26345800
18-Sep-06,29.37,29.39,28.58,29.00,15673600
15-Sep-06,29.30,29.57,29.22,29.32,18179300
14-Sep-06,29.10,29.24,28.89,29.03,9554600
13-Sep-06,29.06,29.37,28.80,29.17,15121600
12-Sep-06,28.55,29.22,28.46,29.09,9879000
11-Sep-06,28.05,28.73,27.67,28.61,12776700
8-Sep-06,28.04,28.32,27.97,28.14,9768900
7-Sep-06,28.40,28.51,27.82,27.86,17573800
6-Sep-06,28.94,29.01,28.49,28.50,12807200
5-Sep-06,29.45,29.48,28.95,29.07,11366000
1-Sep-06,28.91,29.53,28.91,29.49,11562000
31-Aug-06,28.98,29.02,28.59,28.83,8797100
30-Aug-06,29.00,29.14,28.71,29.02,12970500
29-Aug-06,28.86,29.01,28.51,28.96,9858000
28-Aug-06,28.75,29.25,28.70,28.91,10351800
25-Aug-06,28.95,29.28,28.74,28.77,6164200
24-Aug-06,28.75,29.13,28.70,28.99,8724800
23-Aug-06,29.34,29.47,28.68,28.70,8721700
22-Aug-06,28.84,29.65,28.80,29.26,10881500
21-Aug-06,29.22,29.52,28.83,28.90,11380900
18-Aug-06,28.90,29.97,28.77,29.78,19513100
17-Aug-06,28.38,29.32,28.34,28.91,16858500
16-Aug-06,28.35,28.46,27.97,28.39,12547500
15-Aug-06,27.58,28.20,27.48,28.17,14820500
14-Aug-06,27.71,27.80,27.00,27.26,9537500
11-Aug-06,27.52,27.72,27.40,27.50,9203800
10-Aug-06,26.95,27.80,26.85,27.49,12537500
9-Aug-06,27.75,27.85,27.00,27.22,14687400
8-Aug-06,26.95,27.70,26.63,27.44,19103700
7-Aug-06,26.92,27.11,26.58,27.08,12619400
4-Aug-06,27.20,27.58,26.83,26.99,11504700
3-Aug-06,26.50,27.05,26.40,26.90,15221400
2-Aug-06,27.01,27.10,26.45,26.63,17777800
1-Aug-06,27.06,27.12,26.74,26.94,18513500
31-Jul-06,27.46,27.55,26.99,27.14,16376600
28-Jul-06,26.90,27.50,26.33,27.47,21440900
27-Jul-06,27.35,27.50,26.64,26.70,24959300
26-Jul-06,26.78,27.51,26.57,27.08,19976000
25-Jul-06,26.75,27.19,26.57,26.95,19980200
24-Jul-06,26.24,27.23,25.89,26.94,42452400
21-Jul-06,24.99,26.06,24.91,25.89,35855000
20-Jul-06,25.55,26.21,24.91,25.27,53974400
19-Jul-06,26.41,26.70,25.04,25.20,2832000
18-Jul-06,32.08,32.26,31.25,32.24,28222200
17-Jul-06,31.98,32.40,31.69,31.84,16235900
14-Jul-06,32.34,32.48,31.85,32.08,12446900
13-Jul-06,32.85,33.16,32.07,32.23,19303200
12-Jul-06,33.03,33.74,32.99,33.38,18289100
